timestamp,id,data
0.000000,0x100,00 00 1E 00 00 00 00 00
0.000000,0x101,00 00 00 00 00 00 00 00
0.000000,0x102,00 00 00 00 00 00 00 00
0.000000,0x200,64 E8 03 00 00 00 00 00
0.020000,0x100,01 00 1E 00 00 00 00 00
0.020000,0x101,00 00 00 00 00 00 00 00
0.020000,0x102,00 00 00 00 00 00 00 00
0.020000,0x200,64 EC 03 00 00 00 00 00
0.040000,0x100,02 00 1E 00 00 00 00 00
0.040000,0x101,00 00 00 00 00 00 00 00
0.040000,0x102,00 00 00 00 00 00 00 00
0.040000,0x200,64 F0 03 00 00 00 00 00
0.060000,0x100,02 00 1E 00 00 00 00 00
0.060000,0x101,00 00 00 00 00 00 00 00
0.060000,0x102,00 00 00 00 00 00 00 00
0.060000,0x200,64 F4 03 00 00 00 00 00
0.080000,0x100,03 00 1E 00 00 00 00 00
0.080000,0x101,00 00 00 00 00 00 00 00
0.080000,0x102,00 00 00 00 00 00 00 00
0.080000,0x200,64 F8 03 00 00 00 00 00
0.100000,0x100,04 00 1E 00 00 00 00 00
0.100000,0x101,00 00 00 00 00 00 00 00
0.100000,0x102,00 00 00 00 00 00 00 00
0.100000,0x200,64 FC 03 00 00 00 00 00
0.120000,0x100,05 00 1E 00 00 00 00 00
0.120000,0x101,00 00 00 00 00 00 00 00
0.120000,0x102,00 00 00 00 00 00 00 00
0.120000,0x200,64 00 04 00 00 00 00 00
0.140000,0x100,06 00 1E 00 00 00 00 00
0.140000,0x101,00 00 00 00 00 00 00 00
0.140000,0x102,00 00 00 00 00 00 00 00
0.140000,0x200,65 04 04 00 00 00 00 00
0.160000,0x100,06 00 1E 00 00 00 00 00
0.160000,0x101,00 00 00 00 00 00 00 00
0.160000,0x102,00 00 00 00 00 00 00 00
0.160000,0x200,65 08 04 00 00 00 00 00
0.180000,0x100,07 00 1E 00 00 00 00 00
0.180000,0x101,00 00 00 00 00 00 00 00
0.180000,0x102,00 00 00 00 00 00 00 00
0.180000,0x200,65 0C 04 00 00 00 00 00
0.200000,0x100,08 00 1E 00 00 00 00 00
0.200000,0x101,00 00 00 00 00 00 00 00
0.200000,0x102,00 00 00 00 00 00 00 00
0.200000,0x200,65 10 04 00 00 00 00 00
0.220000,0x100,09 00 1E 00 00 00 00 00
0.220000,0x101,00 00 00 00 00 00 00 00
0.220000,0x102,00 00 00 00 00 00 00 00
0.220000,0x200,65 14 04 00 00 00 00 00
0.240000,0x100,0A 00 1E 00 00 00 00 00
0.240000,0x101,00 00 00 00 00 00 00 00
0.240000,0x102,00 00 00 00 00 00 00 00
0.240000,0x200,65 18 04 00 00 00 00 00
0.260000,0x100,0A 00 1E 00 00 00 00 00
0.260000,0x101,00 00 00 00 00 00 00 00
0.260000,0x102,00 00 00 00 00 00 00 00
0.260000,0x200,65 1C 04 00 00 00 00 00
0.280000,0x100,0B 00 1E 00 00 00 00 00
0.280000,0x101,00 00 00 00 00 00 00 00
0.280000,0x102,00 00 00 00 00 00 00 00
0.280000,0x200,65 20 04 00 00 00 00 00
0.300000,0x100,0C 00 1E 00 00 00 00 00
0.300000,0x101,00 00 00 00 00 00 00 00
0.300000,0x102,00 00 00 00 00 00 00 00
0.300000,0x200,65 24 04 00 00 00 00 00
0.320000,0x100,0D 00 1E 00 00 00 00 00
0.320000,0x101,00 00 00 00 00 00 00 00
0.320000,0x102,00 00 00 00 00 00 00 00
0.320000,0x200,65 28 04 00 00 00 00 00
0.340000,0x100,0E 00 1E 00 00 00 00 00
0.340000,0x101,00 00 00 00 00 00 00 00
0.340000,0x102,00 00 00 00 00 00 00 00
0.340000,0x200,65 2C 04 00 00 00 00 00
0.360000,0x100,0E 00 1E 00 00 00 00 00
0.360000,0x101,00 00 00 00 00 00 00 00
0.360000,0x102,00 00 00 00 00 00 00 00
0.360000,0x200,65 30 04 00 00 00 00 00
0.380000,0x100,0F 00 1E 00 00 00 00 00
0.380000,0x101,00 00 00 00 00 00 00 00
0.380000,0x102,00 00 00 00 00 00 00 00
0.380000,0x200,65 34 04 00 00 00 00 00
0.400000,0x100,10 00 1E 00 00 00 00 00
0.400000,0x101,00 00 00 00 00 00 00 00
0.400000,0x102,00 00 00 00 00 00 00 00
0.400000,0x200,65 38 04 00 00 00 00 00
0.420000,0x100,11 00 1E 00 00 00 00 00
0.420000,0x101,00 00 00 00 00 00 00 00
0.420000,0x102,00 00 00 00 00 00 00 00
0.420000,0x200,66 3C 04 00 00 00 00 00
0.440000,0x100,12 00 1E 00 00 00 00 00
0.440000,0x101,00 00 00 00 00 00 00 00
0.440000,0x102,00 00 00 00 00 00 00 00
0.440000,0x200,66 40 04 00 00 00 00 00
0.460000,0x100,12 00 1E 00 00 00 00 00
0.460000,0x101,00 00 00 00 00 00 00 00
0.460000,0x102,00 00 00 00 00 00 00 00
0.460000,0x200,66 44 04 00 00 00 00 00
0.480000,0x100,13 00 1E 00 00 00 00 00
0.480000,0x101,00 00 00 00 00 00 00 00
0.480000,0x102,00 00 00 00 00 00 00 00
0.480000,0x200,66 48 04 00 00 00 00 00
0.500000,0x100,14 00 1E 00 00 00 00 00
0.500000,0x101,00 00 00 00 00 00 00 00
0.500000,0x102,00 00 00 00 00 00 00 00
0.500000,0x200,66 4C 04 00 00 00 00 00
0.520000,0x100,15 00 1E 00 00 00 00 00
0.520000,0x101,00 00 00 00 00 00 00 00
0.520000,0x102,00 00 00 00 00 00 00 00
0.520000,0x200,66 50 04 00 00 00 00 00
0.540000,0x100,16 00 1E 00 00 00 00 00
0.540000,0x101,00 00 00 00 00 00 00 00
0.540000,0x102,00 00 00 00 00 00 00 00
0.540000,0x200,66 54 04 00 00 00 00 00
0.560000,0x100,16 00 1E 00 00 00 00 00
0.560000,0x101,00 00 00 00 00 00 00 00
0.560000,0x102,00 00 00 00 00 00 00 00
0.560000,0x200,66 58 04 00 00 00 00 00
0.580000,0x100,17 00 1E 00 00 00 00 00
0.580000,0x101,00 00 00 00 00 00 00 00
0.580000,0x102,00 00 00 00 00 00 00 00
0.580000,0x200,66 5C 04 00 00 00 00 00
0.600000,0x100,18 00 1E 00 00 00 00 00
0.600000,0x101,00 00 00 00 00 00 00 00
0.600000,0x102,00 00 00 00 00 00 00 00
0.600000,0x200,66 60 04 00 00 00 00 00
0.620000,0x100,19 00 1E 00 00 00 00 00
0.620000,0x101,00 00 00 00 00 00 00 00
0.620000,0x102,00 00 00 00 00 00 00 00
0.620000,0x200,66 64 04 00 00 00 00 00
0.640000,0x100,1A 00 1E 00 00 00 00 00
0.640000,0x101,00 00 00 00 00 00 00 00
0.640000,0x102,00 00 00 00 00 00 00 00
0.640000,0x200,66 68 04 00 00 00 00 00
0.660000,0x100,1A 00 1E 00 00 00 00 00
0.660000,0x101,00 00 00 00 00 00 00 00
0.660000,0x102,00 00 00 00 00 00 00 00
0.660000,0x200,66 6C 04 00 00 00 00 00
0.680000,0x100,1B 00 1E 00 00 00 00 00
0.680000,0x101,00 00 00 00 00 00 00 00
0.680000,0x102,00 00 00 00 00 00 00 00
0.680000,0x200,66 70 04 00 00 00 00 00
0.700000,0x100,1C 00 1E 00 00 00 00 00
0.700000,0x101,00 00 00 00 00 00 00 00
0.700000,0x102,00 00 00 00 00 00 00 00
0.700000,0x200,67 74 04 00 00 00 00 00
0.720000,0x100,1D 00 1E 00 00 00 00 00
0.720000,0x101,00 00 00 00 00 00 00 00
0.720000,0x102,00 00 00 00 00 00 00 00
0.720000,0x200,67 78 04 00 00 00 00 00
0.740000,0x100,1E 00 1E 00 00 00 00 00
0.740000,0x101,00 00 00 00 00 00 00 00
0.740000,0x102,00 00 00 00 00 00 00 00
0.740000,0x200,67 7C 04 00 00 00 00 00
0.760000,0x100,1E 00 1E 00 00 00 00 00
0.760000,0x101,00 00 00 00 00 00 00 00
0.760000,0x102,00 00 00 00 00 00 00 00
0.760000,0x200,67 80 04 00 00 00 00 00
0.780000,0x100,1F 00 1E 00 00 00 00 00
0.780000,0x101,00 00 00 00 00 00 00 00
0.780000,0x102,00 00 00 00 00 00 00 00
0.780000,0x200,67 84 04 00 00 00 00 00
0.800000,0x100,20 00 1E 00 00 00 00 00
0.800000,0x101,00 00 00 00 00 00 00 00
0.800000,0x102,00 00 00 00 00 00 00 00
0.800000,0x200,67 88 04 00 00 00 00 00
0.820000,0x100,21 00 1E 00 00 00 00 00
0.820000,0x101,00 00 00 00 00 00 00 00
0.820000,0x102,00 00 00 00 00 00 00 00
0.820000,0x200,67 8C 04 00 00 00 00 00
0.840000,0x100,22 00 1E 00 00 00 00 00
0.840000,0x101,00 00 00 00 00 00 00 00
0.840000,0x102,00 00 00 00 00 00 00 00
0.840000,0x200,67 90 04 00 00 00 00 00
0.860000,0x100,22 00 1E 00 00 00 00 00
0.860000,0x101,00 00 00 00 00 00 00 00
0.860000,0x102,00 00 00 00 00 00 00 00
0.860000,0x200,67 94 04 00 00 00 00 00
0.880000,0x100,23 00 1E 00 00 00 00 00
0.880000,0x101,00 00 00 00 00 00 00 00
0.880000,0x102,00 00 00 00 00 00 00 00
0.880000,0x200,67 98 04 00 00 00 00 00
0.900000,0x100,24 00 1E 00 00 00 00 00
0.900000,0x101,00 00 00 00 00 00 00 00
0.900000,0x102,00 00 00 00 00 00 00 00
0.900000,0x200,67 9C 04 00 00 00 00 00
0.920000,0x100,25 00 1E 00 00 00 00 00
0.920000,0x101,00 00 00 00 00 00 00 00
0.920000,0x102,00 00 00 00 00 00 00 00
0.920000,0x200,67 A0 04 00 00 00 00 00
0.940000,0x100,26 00 1E 00 00 00 00 00
0.940000,0x101,00 00 00 00 00 00 00 00
0.940000,0x102,00 00 00 00 00 00 00 00
0.940000,0x200,67 A4 04 00 00 00 00 00
0.960000,0x100,26 00 1E 00 00 00 00 00
0.960000,0x101,00 00 00 00 00 00 00 00
0.960000,0x102,00 00 00 00 00 00 00 00
0.960000,0x200,67 A8 04 00 00 00 00 00
0.980000,0x100,27 00 1E 00 00 00 00 00
0.980000,0x101,00 00 00 00 00 00 00 00
0.980000,0x102,00 00 00 00 00 00 00 00
0.980000,0x200,68 AC 04 00 00 00 00 00
1.000000,0x100,28 00 1E 00 00 00 00 00
1.000000,0x101,00 00 00 00 00 00 00 00
1.000000,0x102,00 00 00 00 00 00 00 00
1.000000,0x200,68 B0 04 00 00 00 00 00
1.020000,0x100,29 00 1E 00 00 00 00 00
1.020000,0x101,00 00 00 00 00 00 00 00
1.020000,0x102,00 00 00 00 00 00 00 00
1.020000,0x200,68 B4 04 00 00 00 00 00
1.040000,0x100,2A 00 1E 00 00 00 00 00
1.040000,0x101,00 00 00 00 00 00 00 00
1.040000,0x102,00 00 00 00 00 00 00 00
1.040000,0x200,68 B8 04 00 00 00 00 00
1.060000,0x100,2A 00 1E 00 00 00 00 00
1.060000,0x101,00 00 00 00 00 00 00 00
1.060000,0x102,00 00 00 00 00 00 00 00
1.060000,0x200,68 BC 04 00 00 00 00 00
1.080000,0x100,2B 00 1E 00 00 00 00 00
1.080000,0x101,00 00 00 00 00 00 00 00
1.080000,0x102,00 00 00 00 00 00 00 00
1.080000,0x200,68 C0 04 00 00 00 00 00
1.100000,0x100,2C 00 1E 00 00 00 00 00
1.100000,0x101,00 00 00 00 00 00 00 00
1.100000,0x102,00 00 00 00 00 00 00 00
1.100000,0x200,68 C4 04 00 00 00 00 00
1.120000,0x100,2D 00 1E 00 00 00 00 00
1.120000,0x101,00 00 00 00 00 00 00 00
1.120000,0x102,00 00 00 00 00 00 00 00
1.120000,0x200,68 C8 04 00 00 00 00 00
1.140000,0x100,2E 00 1E 00 00 00 00 00
1.140000,0x101,00 00 00 00 00 00 00 00
1.140000,0x102,00 00 00 00 00 00 00 00
1.140000,0x200,68 CC 04 00 00 00 00 00
1.160000,0x100,2E 00 1E 00 00 00 00 00
1.160000,0x101,00 00 00 00 00 00 00 00
1.160000,0x102,00 00 00 00 00 00 00 00
1.160000,0x200,68 D0 04 00 00 00 00 00
1.180000,0x100,2F 00 1E 00 00 00 00 00
1.180000,0x101,00 00 00 00 00 00 00 00
1.180000,0x102,00 00 00 00 00 00 00 00
1.180000,0x200,68 D4 04 00 00 00 00 00
1.200000,0x100,30 00 1E 00 00 00 00 00
1.200000,0x101,00 00 00 00 00 00 00 00
1.200000,0x102,00 00 00 00 00 00 00 00
1.200000,0x200,68 D8 04 00 00 00 00 00
1.220000,0x100,31 00 1E 00 00 00 00 00
1.220000,0x101,00 00 00 00 00 00 00 00
1.220000,0x102,00 00 00 00 00 00 00 00
1.220000,0x200,68 DC 04 00 00 00 00 00
1.240000,0x100,32 00 1E 00 00 00 00 00
1.240000,0x101,00 00 00 00 00 00 00 00
1.240000,0x102,00 00 00 00 00 00 00 00
1.240000,0x200,68 E0 04 00 00 00 00 00
1.260000,0x100,32 00 1E 00 00 00 00 00
1.260000,0x101,00 00 00 00 00 00 00 00
1.260000,0x102,00 00 00 00 00 00 00 00
1.260000,0x200,69 E4 04 00 00 00 00 00
1.280000,0x100,33 00 1E 00 00 00 00 00
1.280000,0x101,00 00 00 00 00 00 00 00
1.280000,0x102,00 00 00 00 00 00 00 00
1.280000,0x200,69 E8 04 00 00 00 00 00
1.300000,0x100,34 00 1E 00 00 00 00 00
1.300000,0x101,00 00 00 00 00 00 00 00
1.300000,0x102,00 00 00 00 00 00 00 00
1.300000,0x200,69 EC 04 00 00 00 00 00
1.320000,0x100,35 00 1E 00 00 00 00 00
1.320000,0x101,00 00 00 00 00 00 00 00
1.320000,0x102,00 00 00 00 00 00 00 00
1.320000,0x200,69 F0 04 00 00 00 00 00
1.340000,0x100,36 00 1E 00 00 00 00 00
1.340000,0x101,00 00 00 00 00 00 00 00
1.340000,0x102,00 00 00 00 00 00 00 00
1.340000,0x200,69 F4 04 00 00 00 00 00
1.360000,0x100,36 00 1E 00 00 00 00 00
1.360000,0x101,00 00 00 00 00 00 00 00
1.360000,0x102,00 00 00 00 00 00 00 00
1.360000,0x200,69 F8 04 00 00 00 00 00
1.380000,0x100,37 00 1E 00 00 00 00 00
1.380000,0x101,00 00 00 00 00 00 00 00
1.380000,0x102,00 00 00 00 00 00 00 00
1.380000,0x200,69 FC 04 00 00 00 00 00
1.400000,0x100,38 00 1E 00 00 00 00 00
1.400000,0x101,00 00 00 00 00 00 00 00
1.400000,0x102,00 00 00 00 00 00 00 00
1.400000,0x200,69 00 05 00 00 00 00 00
1.420000,0x100,39 00 1E 00 00 00 00 00
1.420000,0x101,00 00 00 00 00 00 00 00
1.420000,0x102,00 00 00 00 00 00 00 00
1.420000,0x200,69 04 05 00 00 00 00 00
1.440000,0x100,3A 00 1E 00 00 00 00 00
1.440000,0x101,00 00 00 00 00 00 00 00
1.440000,0x102,00 00 00 00 00 00 00 00
1.440000,0x200,69 08 05 00 00 00 00 00
1.460000,0x100,3A 00 1E 00 00 00 00 00
1.460000,0x101,00 00 00 00 00 00 00 00
1.460000,0x102,00 00 00 00 00 00 00 00
1.460000,0x200,69 0C 05 00 00 00 00 00
1.480000,0x100,3B 00 1E 00 00 00 00 00
1.480000,0x101,00 00 00 00 00 00 00 00
1.480000,0x102,00 00 00 00 00 00 00 00
1.480000,0x200,69 10 05 00 00 00 00 00
1.500000,0x100,3C 00 1E 00 00 00 00 00
1.500000,0x101,00 00 00 00 00 00 00 00
1.500000,0x102,00 00 00 00 00 00 00 00
1.500000,0x200,69 14 05 00 00 00 00 00
1.520000,0x100,3D 00 1E 00 00 00 00 00
1.520000,0x101,00 00 00 00 00 00 00 00
1.520000,0x102,00 00 00 00 00 00 00 00
1.520000,0x200,69 18 05 00 00 00 00 00
1.540000,0x100,3E 00 1E 00 00 00 00 00
1.540000,0x101,00 00 00 00 00 00 00 00
1.540000,0x102,00 00 00 00 00 00 00 00
1.540000,0x200,6A 1C 05 00 00 00 00 00
1.560000,0x100,3E 00 1E 00 00 00 00 00
1.560000,0x101,00 00 00 00 00 00 00 00
1.560000,0x102,00 00 00 00 00 00 00 00
1.560000,0x200,6A 20 05 00 00 00 00 00
1.580000,0x100,3F 00 1E 00 00 00 00 00
1.580000,0x101,00 00 00 00 00 00 00 00
1.580000,0x102,00 00 00 00 00 00 00 00
1.580000,0x200,6A 24 05 00 00 00 00 00
1.600000,0x100,40 00 1E 00 00 00 00 00
1.600000,0x101,00 00 00 00 00 00 00 00
1.600000,0x102,00 00 00 00 00 00 00 00
1.600000,0x200,6A 28 05 00 00 00 00 00
1.620000,0x100,41 00 1E 00 00 00 00 00
1.620000,0x101,00 00 00 00 00 00 00 00
1.620000,0x102,00 00 00 00 00 00 00 00
1.620000,0x200,6A 2C 05 00 00 00 00 00
1.640000,0x100,42 00 1E 00 00 00 00 00
1.640000,0x101,00 00 00 00 00 00 00 00
1.640000,0x102,00 00 00 00 00 00 00 00
1.640000,0x200,6A 30 05 00 00 00 00 00
1.660000,0x100,42 00 1E 00 00 00 00 00
1.660000,0x101,00 00 00 00 00 00 00 00
1.660000,0x102,00 00 00 00 00 00 00 00
1.660000,0x200,6A 34 05 00 00 00 00 00
1.680000,0x100,43 00 1E 00 00 00 00 00
1.680000,0x101,00 00 00 00 00 00 00 00
1.680000,0x102,00 00 00 00 00 00 00 00
1.680000,0x200,6A 38 05 00 00 00 00 00
1.700000,0x100,44 00 1E 00 00 00 00 00
1.700000,0x101,00 00 00 00 00 00 00 00
1.700000,0x102,00 00 00 00 00 00 00 00
1.700000,0x200,6A 3C 05 00 00 00 00 00
1.720000,0x100,45 00 1E 00 00 00 00 00
1.720000,0x101,00 00 00 00 00 00 00 00
1.720000,0x102,00 00 00 00 00 00 00 00
1.720000,0x200,6A 40 05 00 00 00 00 00
1.740000,0x100,46 00 1E 00 00 00 00 00
1.740000,0x101,00 00 00 00 00 00 00 00
1.740000,0x102,00 00 00 00 00 00 00 00
1.740000,0x200,6A 44 05 00 00 00 00 00
1.760000,0x100,46 00 1E 00 00 00 00 00
1.760000,0x101,00 00 00 00 00 00 00 00
1.760000,0x102,00 00 00 00 00 00 00 00
1.760000,0x200,6A 48 05 00 00 00 00 00
1.780000,0x100,47 00 1E 00 00 00 00 00
1.780000,0x101,00 00 00 00 00 00 00 00
1.780000,0x102,00 00 00 00 00 00 00 00
1.780000,0x200,6A 4C 05 00 00 00 00 00
1.800000,0x100,48 00 1E 00 00 00 00 00
1.800000,0x101,00 00 00 00 00 00 00 00
1.800000,0x102,00 00 00 00 00 00 00 00
1.800000,0x200,6A 50 05 00 00 00 00 00
1.820000,0x100,49 00 1E 00 00 00 00 00
1.820000,0x101,00 00 00 00 00 00 00 00
1.820000,0x102,00 00 00 00 00 00 00 00
1.820000,0x200,6B 54 05 00 00 00 00 00
1.840000,0x100,4A 00 1E 00 00 00 00 00
1.840000,0x101,00 00 00 00 00 00 00 00
1.840000,0x102,00 00 00 00 00 00 00 00
1.840000,0x200,6B 58 05 00 00 00 00 00
1.860000,0x100,4A 00 1E 00 00 00 00 00
1.860000,0x101,00 00 00 00 00 00 00 00
1.860000,0x102,00 00 00 00 00 00 00 00
1.860000,0x200,6B 5C 05 00 00 00 00 00
1.880000,0x100,4B 00 1E 00 00 00 00 00
1.880000,0x101,00 00 00 00 00 00 00 00
1.880000,0x102,00 00 00 00 00 00 00 00
1.880000,0x200,6B 60 05 00 00 00 00 00
1.900000,0x100,4C 00 1E 00 00 00 00 00
1.900000,0x101,00 00 00 00 00 00 00 00
1.900000,0x102,00 00 00 00 00 00 00 00
1.900000,0x200,6B 64 05 00 00 00 00 00
1.920000,0x100,4D 00 1E 00 00 00 00 00
1.920000,0x101,00 00 00 00 00 00 00 00
1.920000,0x102,00 00 00 00 00 00 00 00
1.920000,0x200,6B 68 05 00 00 00 00 00
1.940000,0x100,4E 00 1E 00 00 00 00 00
1.940000,0x101,00 00 00 00 00 00 00 00
1.940000,0x102,00 00 00 00 00 00 00 00
1.940000,0x200,6B 6C 05 00 00 00 00 00
1.960000,0x100,4E 00 1E 00 00 00 00 00
1.960000,0x101,00 00 00 00 00 00 00 00
1.960000,0x102,00 00 00 00 00 00 00 00
1.960000,0x200,6B 70 05 00 00 00 00 00
1.980000,0x100,4F 00 1E 00 00 00 00 00
1.980000,0x101,00 00 00 00 00 00 00 00
1.980000,0x102,00 00 00 00 00 00 00 00
1.980000,0x200,6B 74 05 00 00 00 00 00
2.000000,0x100,50 00 1E 00 00 00 00 00
2.000000,0x101,00 00 00 00 00 00 00 00
2.000000,0x102,00 00 00 00 00 00 00 00
2.000000,0x200,6B 78 05 00 00 00 00 00
2.020000,0x100,51 00 1E 00 00 00 00 00
2.020000,0x101,00 00 00 00 00 00 00 00
2.020000,0x102,00 00 00 00 00 00 00 00
2.020000,0x200,6B 7C 05 00 00 00 00 00
2.040000,0x100,52 00 1E 00 00 00 00 00
2.040000,0x101,00 00 00 00 00 00 00 00
2.040000,0x102,00 00 00 00 00 00 00 00
2.040000,0x200,6B 80 05 00 00 00 00 00
2.060000,0x100,52 00 1E 00 00 00 00 00
2.060000,0x101,00 00 00 00 00 00 00 00
2.060000,0x102,00 00 00 00 00 00 00 00
2.060000,0x200,6B 84 05 00 00 00 00 00
2.080000,0x100,53 00 1E 00 00 00 00 00
2.080000,0x101,00 00 00 00 00 00 00 00
2.080000,0x102,00 00 00 00 00 00 00 00
2.080000,0x200,6C 88 05 00 00 00 00 00
2.100000,0x100,54 00 1E 00 00 00 00 00
2.100000,0x101,00 00 00 00 00 00 00 00
2.100000,0x102,00 00 00 00 00 00 00 00
2.100000,0x200,6C 8C 05 00 00 00 00 00
2.120000,0x100,55 00 1E 00 00 00 00 00
2.120000,0x101,00 00 00 00 00 00 00 00
2.120000,0x102,00 00 00 00 00 00 00 00
2.120000,0x200,6C 90 05 00 00 00 00 00
2.140000,0x100,56 00 1E 00 00 00 00 00
2.140000,0x101,00 00 00 00 00 00 00 00
2.140000,0x102,00 00 00 00 00 00 00 00
2.140000,0x200,6C 94 05 00 00 00 00 00
2.160000,0x100,56 00 1E 00 00 00 00 00
2.160000,0x101,00 00 00 00 00 00 00 00
2.160000,0x102,00 00 00 00 00 00 00 00
2.160000,0x200,6C 98 05 00 00 00 00 00
2.180000,0x100,57 00 1E 00 00 00 00 00
2.180000,0x101,00 00 00 00 00 00 00 00
2.180000,0x102,00 00 00 00 00 00 00 00
2.180000,0x200,6C 9C 05 00 00 00 00 00
2.200000,0x100,58 00 1E 00 00 00 00 00
2.200000,0x101,00 00 00 00 00 00 00 00
2.200000,0x102,00 00 00 00 00 00 00 00
2.200000,0x200,6C A0 05 00 00 00 00 00
2.220000,0x100,59 00 1E 00 00 00 00 00
2.220000,0x101,00 00 00 00 00 00 00 00
2.220000,0x102,00 00 00 00 00 00 00 00
2.220000,0x200,6C A4 05 00 00 00 00 00
2.240000,0x100,5A 00 1E 00 00 00 00 00
2.240000,0x101,00 00 00 00 00 00 00 00
2.240000,0x102,00 00 00 00 00 00 00 00
2.240000,0x200,6C A8 05 00 00 00 00 00
2.260000,0x100,5A 00 1E 00 00 00 00 00
2.260000,0x101,00 00 00 00 00 00 00 00
2.260000,0x102,00 00 00 00 00 00 00 00
2.260000,0x200,6C AC 05 00 00 00 00 00
2.280000,0x100,5B 00 1E 00 00 00 00 00
2.280000,0x101,00 00 00 00 00 00 00 00
2.280000,0x102,00 00 00 00 00 00 00 00
2.280000,0x200,6C B0 05 00 00 00 00 00
2.300000,0x100,5C 00 1E 00 00 00 00 00
2.300000,0x101,00 00 00 00 00 00 00 00
2.300000,0x102,00 00 00 00 00 00 00 00
2.300000,0x200,6C B4 05 00 00 00 00 00
2.320000,0x100,5D 00 1E 00 00 00 00 00
2.320000,0x101,00 00 00 00 00 00 00 00
2.320000,0x102,00 00 00 00 00 00 00 00
2.320000,0x200,6C B8 05 00 00 00 00 00
2.340000,0x100,5E 00 1E 00 00 00 00 00
2.340000,0x101,00 00 00 00 00 00 00 00
2.340000,0x102,00 00 00 00 00 00 00 00
2.340000,0x200,6C BC 05 00 00 00 00 00
2.360000,0x100,5E 00 1E 00 00 00 00 00
2.360000,0x101,00 00 00 00 00 00 00 00
2.360000,0x102,00 00 00 00 00 00 00 00
2.360000,0x200,6D C0 05 00 00 00 00 00
2.380000,0x100,5F 00 1E 00 00 00 00 00
2.380000,0x101,00 00 00 00 00 00 00 00
2.380000,0x102,00 00 00 00 00 00 00 00
2.380000,0x200,6D C4 05 00 00 00 00 00
2.400000,0x100,60 00 1E 00 00 00 00 00
2.400000,0x101,00 00 00 00 00 00 00 00
2.400000,0x102,00 00 00 00 00 00 00 00
2.400000,0x200,6D C8 05 00 00 00 00 00
2.420000,0x100,61 00 1E 00 00 00 00 00
2.420000,0x101,00 00 00 00 00 00 00 00
2.420000,0x102,00 00 00 00 00 00 00 00
2.420000,0x200,6D CC 05 00 00 00 00 00
2.440000,0x100,62 00 1E 00 00 00 00 00
2.440000,0x101,00 00 00 00 00 00 00 00
2.440000,0x102,00 00 00 00 00 00 00 00
2.440000,0x200,6D D0 05 00 00 00 00 00
2.460000,0x100,62 00 1E 00 00 00 00 00
2.460000,0x101,00 00 00 00 00 00 00 00
2.460000,0x102,00 00 00 00 00 00 00 00
2.460000,0x200,6D D4 05 00 00 00 00 00
2.480000,0x100,63 00 1E 00 00 00 00 00
2.480000,0x101,00 00 00 00 00 00 00 00
2.480000,0x102,00 00 00 00 00 00 00 00
2.480000,0x200,6D D8 05 00 00 00 00 00
2.500000,0x100,64 00 1E 00 00 00 00 00
2.500000,0x101,00 00 00 00 00 00 00 00
2.500000,0x102,00 00 00 00 00 00 00 00
2.500000,0x200,6D DC 05 00 00 00 00 00
2.520000,0x100,65 00 1E 00 00 00 00 00
2.520000,0x101,00 00 00 00 00 00 00 00
2.520000,0x102,00 00 00 00 00 00 00 00
2.520000,0x200,6D E0 05 00 00 00 00 00
2.540000,0x100,66 00 1E 00 00 00 00 00
2.540000,0x101,00 00 00 00 00 00 00 00
2.540000,0x102,00 00 00 00 00 00 00 00
2.540000,0x200,6D E4 05 00 00 00 00 00
2.560000,0x100,66 00 1E 00 00 00 00 00
2.560000,0x101,00 00 00 00 00 00 00 00
2.560000,0x102,00 00 00 00 00 00 00 00
2.560000,0x200,6D E8 05 00 00 00 00 00
2.580000,0x100,67 00 1E 00 00 00 00 00
2.580000,0x101,00 00 00 00 00 00 00 00
2.580000,0x102,00 00 00 00 00 00 00 00
2.580000,0x200,6D EC 05 00 00 00 00 00
2.600000,0x100,68 00 1E 00 00 00 00 00
2.600000,0x101,00 00 00 00 00 00 00 00
2.600000,0x102,00 00 00 00 00 00 00 00
2.600000,0x200,6D F0 05 00 00 00 00 00
2.620000,0x100,69 00 1E 00 00 00 00 00
2.620000,0x101,00 00 00 00 00 00 00 00
2.620000,0x102,00 00 00 00 00 00 00 00
2.620000,0x200,6D F4 05 00 00 00 00 00
2.640000,0x100,6A 00 1E 00 00 00 00 00
2.640000,0x101,00 00 00 00 00 00 00 00
2.640000,0x102,00 00 00 00 00 00 00 00
2.640000,0x200,6E F8 05 00 00 00 00 00
2.660000,0x100,6A 00 1E 00 00 00 00 00
2.660000,0x101,00 00 00 00 00 00 00 00
2.660000,0x102,00 00 00 00 00 00 00 00
2.660000,0x200,6E FC 05 00 00 00 00 00
2.680000,0x100,6B 00 1E 00 00 00 00 00
2.680000,0x101,00 00 00 00 00 00 00 00
2.680000,0x102,00 00 00 00 00 00 00 00
2.680000,0x200,6E 00 06 00 00 00 00 00
2.700000,0x100,6C 00 1E 00 00 00 00 00
2.700000,0x101,00 00 00 00 00 00 00 00
2.700000,0x102,00 00 00 00 00 00 00 00
2.700000,0x200,6E 04 06 00 00 00 00 00
2.720000,0x100,6D 00 1E 00 00 00 00 00
2.720000,0x101,00 00 00 00 00 00 00 00
2.720000,0x102,00 00 00 00 00 00 00 00
2.720000,0x200,6E 08 06 00 00 00 00 00
2.740000,0x100,6E 00 1E 00 00 00 00 00
2.740000,0x101,00 00 00 00 00 00 00 00
2.740000,0x102,00 00 00 00 00 00 00 00
2.740000,0x200,6E 0C 06 00 00 00 00 00
2.760000,0x100,6E 00 1E 00 00 00 00 00
2.760000,0x101,00 00 00 00 00 00 00 00
2.760000,0x102,00 00 00 00 00 00 00 00
2.760000,0x200,6E 10 06 00 00 00 00 00
2.780000,0x100,6F 00 1E 00 00 00 00 00
2.780000,0x101,00 00 00 00 00 00 00 00
2.780000,0x102,00 00 00 00 00 00 00 00
2.780000,0x200,6E 14 06 00 00 00 00 00
2.800000,0x100,70 00 1E 00 00 00 00 00
2.800000,0x101,00 00 00 00 00 00 00 00
2.800000,0x102,00 00 00 00 00 00 00 00
2.800000,0x200,6E 18 06 00 00 00 00 00
2.820000,0x100,71 00 1E 00 00 00 00 00
2.820000,0x101,00 00 00 00 00 00 00 00
2.820000,0x102,00 00 00 00 00 00 00 00
2.820000,0x200,6E 1C 06 00 00 00 00 00
2.840000,0x100,72 00 1E 00 00 00 00 00
2.840000,0x101,00 00 00 00 00 00 00 00
2.840000,0x102,00 00 00 00 00 00 00 00
2.840000,0x200,6E 20 06 00 00 00 00 00
2.860000,0x100,72 00 1E 00 00 00 00 00
2.860000,0x101,00 00 00 00 00 00 00 00
2.860000,0x102,00 00 00 00 00 00 00 00
2.860000,0x200,6E 24 06 00 00 00 00 00
2.880000,0x100,73 00 1E 00 00 00 00 00
2.880000,0x101,00 00 00 00 00 00 00 00
2.880000,0x102,00 00 00 00 00 00 00 00
2.880000,0x200,6E 28 06 00 00 00 00 00
2.900000,0x100,74 00 1E 00 00 00 00 00
2.900000,0x101,00 00 00 00 00 00 00 00
2.900000,0x102,00 00 00 00 00 00 00 00
2.900000,0x200,6E 2C 06 00 00 00 00 00
2.920000,0x100,75 00 1E 00 00 00 00 00
2.920000,0x101,00 00 00 00 00 00 00 00
2.920000,0x102,00 00 00 00 00 00 00 00
2.920000,0x200,6F 30 06 00 00 00 00 00
2.940000,0x100,76 00 1E 00 00 00 00 00
2.940000,0x101,00 00 00 00 00 00 00 00
2.940000,0x102,00 00 00 00 00 00 00 00
2.940000,0x200,6F 34 06 00 00 00 00 00
2.960000,0x100,76 00 1E 00 00 00 00 00
2.960000,0x101,00 00 00 00 00 00 00 00
2.960000,0x102,00 00 00 00 00 00 00 00
2.960000,0x200,6F 38 06 00 00 00 00 00
2.980000,0x100,77 00 1E 00 00 00 00 00
2.980000,0x101,00 00 00 00 00 00 00 00
2.980000,0x102,00 00 00 00 00 00 00 00
2.980000,0x200,6F 3C 06 00 00 00 00 00
3.000000,0x100,78 00 1E 00 00 00 00 00
3.000000,0x101,00 00 00 00 00 00 00 00
3.000000,0x102,00 00 00 00 00 00 00 00
3.000000,0x200,6F 40 06 00 00 00 00 00
3.020000,0x100,79 00 1E 00 00 00 00 00
3.020000,0x101,00 00 00 00 00 00 00 00
3.020000,0x102,00 00 00 00 00 00 00 00
3.020000,0x200,6F 44 06 00 00 00 00 00
3.040000,0x100,7A 00 1E 00 00 00 00 00
3.040000,0x101,00 00 00 00 00 00 00 00
3.040000,0x102,00 00 00 00 00 00 00 00
3.040000,0x200,6F 48 06 00 00 00 00 00
3.060000,0x100,7A 00 1E 00 00 00 00 00
3.060000,0x101,00 00 00 00 00 00 00 00
3.060000,0x102,00 00 00 00 00 00 00 00
3.060000,0x200,6F 4C 06 00 00 00 00 00
3.080000,0x100,7B 00 1E 00 00 00 00 00
3.080000,0x101,00 00 00 00 00 00 00 00
3.080000,0x102,00 00 00 00 00 00 00 00
3.080000,0x200,6F 50 06 00 00 00 00 00
3.100000,0x100,7C 00 1E 00 00 00 00 00
3.100000,0x101,00 00 00 00 00 00 00 00
3.100000,0x102,00 00 00 00 00 00 00 00
3.100000,0x200,6F 54 06 00 00 00 00 00
3.120000,0x100,7D 00 1E 00 00 00 00 00
3.120000,0x101,00 00 00 00 00 00 00 00
3.120000,0x102,00 00 00 00 00 00 00 00
3.120000,0x200,6F 58 06 00 00 00 00 00
3.140000,0x100,7E 00 1E 00 00 00 00 00
3.140000,0x101,00 00 00 00 00 00 00 00
3.140000,0x102,00 00 00 00 00 00 00 00
3.140000,0x200,6F 5C 06 00 00 00 00 00
3.160000,0x100,7E 00 1E 00 00 00 00 00
3.160000,0x101,00 00 00 00 00 00 00 00
3.160000,0x102,00 00 00 00 00 00 00 00
3.160000,0x200,6F 60 06 00 00 00 00 00
3.180000,0x100,7F 00 1E 00 00 00 00 00
3.180000,0x101,00 00 00 00 00 00 00 00
3.180000,0x102,00 00 00 00 00 00 00 00
3.180000,0x200,6F 64 06 00 00 00 00 00
3.200000,0x100,80 00 1E 00 00 00 00 00
3.200000,0x101,00 00 00 00 00 00 00 00
3.200000,0x102,00 00 00 00 00 00 00 00
3.200000,0x200,70 68 06 00 00 00 00 00
3.220000,0x100,81 00 1E 00 00 00 00 00
3.220000,0x101,00 00 00 00 00 00 00 00
3.220000,0x102,00 00 00 00 00 00 00 00
3.220000,0x200,70 6C 06 00 00 00 00 00
3.240000,0x100,82 00 1E 00 00 00 00 00
3.240000,0x101,00 00 00 00 00 00 00 00
3.240000,0x102,00 00 00 00 00 00 00 00
3.240000,0x200,70 70 06 00 00 00 00 00
3.260000,0x100,82 00 1E 00 00 00 00 00
3.260000,0x101,00 00 00 00 00 00 00 00
3.260000,0x102,00 00 00 00 00 00 00 00
3.260000,0x200,70 74 06 00 00 00 00 00
3.280000,0x100,83 00 1E 00 00 00 00 00
3.280000,0x101,00 00 00 00 00 00 00 00
3.280000,0x102,00 00 00 00 00 00 00 00
3.280000,0x200,70 78 06 00 00 00 00 00
3.300000,0x100,84 00 1E 00 00 00 00 00
3.300000,0x101,00 00 00 00 00 00 00 00
3.300000,0x102,00 00 00 00 00 00 00 00
3.300000,0x200,70 7C 06 00 00 00 00 00
3.320000,0x100,85 00 1E 00 00 00 00 00
3.320000,0x101,00 00 00 00 00 00 00 00
3.320000,0x102,00 00 00 00 00 00 00 00
3.320000,0x200,70 80 06 00 00 00 00 00
3.340000,0x100,86 00 1E 00 00 00 00 00
3.340000,0x101,00 00 00 00 00 00 00 00
3.340000,0x102,00 00 00 00 00 00 00 00
3.340000,0x200,70 84 06 00 00 00 00 00
3.360000,0x100,86 00 1E 00 00 00 00 00
3.360000,0x101,00 00 00 00 00 00 00 00
3.360000,0x102,00 00 00 00 00 00 00 00
3.360000,0x200,70 88 06 00 00 00 00 00
3.380000,0x100,87 00 1E 00 00 00 00 00
3.380000,0x101,00 00 00 00 00 00 00 00
3.380000,0x102,00 00 00 00 00 00 00 00
3.380000,0x200,70 8C 06 00 00 00 00 00
3.400000,0x100,88 00 1E 00 00 00 00 00
3.400000,0x101,00 00 00 00 00 00 00 00
3.400000,0x102,00 00 00 00 00 00 00 00
3.400000,0x200,70 90 06 00 00 00 00 00
3.420000,0x100,89 00 1E 00 00 00 00 00
3.420000,0x101,00 00 00 00 00 00 00 00
3.420000,0x102,00 00 00 00 00 00 00 00
3.420000,0x200,70 94 06 00 00 00 00 00
3.440000,0x100,8A 00 1E 00 00 00 00 00
3.440000,0x101,00 00 00 00 00 00 00 00
3.440000,0x102,00 00 00 00 00 00 00 00
3.440000,0x200,70 98 06 00 00 00 00 00
3.460000,0x100,8A 00 1E 00 00 00 00 00
3.460000,0x101,00 00 00 00 00 00 00 00
3.460000,0x102,00 00 00 00 00 00 00 00
3.460000,0x200,70 9C 06 00 00 00 00 00
3.480000,0x100,8B 00 1E 00 00 00 00 00
3.480000,0x101,00 00 00 00 00 00 00 00
3.480000,0x102,00 00 00 00 00 00 00 00
3.480000,0x200,71 A0 06 00 00 00 00 00
3.500000,0x100,8C 00 1E 00 00 00 00 00
3.500000,0x101,00 00 00 00 00 00 00 00
3.500000,0x102,00 00 00 00 00 00 00 00
3.500000,0x200,71 A4 06 00 00 00 00 00
3.520000,0x100,8D 00 1E 00 00 00 00 00
3.520000,0x101,00 00 00 00 00 00 00 00
3.520000,0x102,00 00 00 00 00 00 00 00
3.520000,0x200,71 A8 06 00 00 00 00 00
3.540000,0x100,8E 00 1E 00 00 00 00 00
3.540000,0x101,00 00 00 00 00 00 00 00
3.540000,0x102,00 00 00 00 00 00 00 00
3.540000,0x200,71 AC 06 00 00 00 00 00
3.560000,0x100,8E 00 1E 00 00 00 00 00
3.560000,0x101,00 00 00 00 00 00 00 00
3.560000,0x102,00 00 00 00 00 00 00 00
3.560000,0x200,71 B0 06 00 00 00 00 00
3.580000,0x100,8F 00 1E 00 00 00 00 00
3.580000,0x101,00 00 00 00 00 00 00 00
3.580000,0x102,00 00 00 00 00 00 00 00
3.580000,0x200,71 B4 06 00 00 00 00 00
3.600000,0x100,90 00 1E 00 00 00 00 00
3.600000,0x101,00 00 00 00 00 00 00 00
3.600000,0x102,00 00 00 00 00 00 00 00
3.600000,0x200,71 B8 06 00 00 00 00 00
3.620000,0x100,91 00 1E 00 00 00 00 00
3.620000,0x101,00 00 00 00 00 00 00 00
3.620000,0x102,00 00 00 00 00 00 00 00
3.620000,0x200,71 BC 06 00 00 00 00 00
3.640000,0x100,92 00 1E 00 00 00 00 00
3.640000,0x101,00 00 00 00 00 00 00 00
3.640000,0x102,00 00 00 00 00 00 00 00
3.640000,0x200,71 C0 06 00 00 00 00 00
3.660000,0x100,92 00 1E 00 00 00 00 00
3.660000,0x101,00 00 00 00 00 00 00 00
3.660000,0x102,00 00 00 00 00 00 00 00
3.660000,0x200,71 C4 06 00 00 00 00 00
3.680000,0x100,93 00 1E 00 00 00 00 00
3.680000,0x101,00 00 00 00 00 00 00 00
3.680000,0x102,00 00 00 00 00 00 00 00
3.680000,0x200,71 C8 06 00 00 00 00 00
3.700000,0x100,94 00 1E 00 00 00 00 00
3.700000,0x101,00 00 00 00 00 00 00 00
3.700000,0x102,00 00 00 00 00 00 00 00
3.700000,0x200,71 CC 06 00 00 00 00 00
3.720000,0x100,95 00 1E 00 00 00 00 00
3.720000,0x101,00 00 00 00 00 00 00 00
3.720000,0x102,00 00 00 00 00 00 00 00
3.720000,0x200,71 D0 06 00 00 00 00 00
3.740000,0x100,96 00 1E 00 00 00 00 00
3.740000,0x101,00 00 00 00 00 00 00 00
3.740000,0x102,00 00 00 00 00 00 00 00
3.740000,0x200,72 D4 06 00 00 00 00 00
3.760000,0x100,96 00 1E 00 00 00 00 00
3.760000,0x101,00 00 00 00 00 00 00 00
3.760000,0x102,00 00 00 00 00 00 00 00
3.760000,0x200,72 D8 06 00 00 00 00 00
3.780000,0x100,97 00 1E 00 00 00 00 00
3.780000,0x101,00 00 00 00 00 00 00 00
3.780000,0x102,00 00 00 00 00 00 00 00
3.780000,0x200,72 DC 06 00 00 00 00 00
3.800000,0x100,98 00 1E 00 00 00 00 00
3.800000,0x101,00 00 00 00 00 00 00 00
3.800000,0x102,00 00 00 00 00 00 00 00
3.800000,0x200,72 E0 06 00 00 00 00 00
3.820000,0x100,99 00 1E 00 00 00 00 00
3.820000,0x101,00 00 00 00 00 00 00 00
3.820000,0x102,00 00 00 00 00 00 00 00
3.820000,0x200,72 E4 06 00 00 00 00 00
3.840000,0x100,9A 00 1E 00 00 00 00 00
3.840000,0x101,00 00 00 00 00 00 00 00
3.840000,0x102,00 00 00 00 00 00 00 00
3.840000,0x200,72 E8 06 00 00 00 00 00
3.860000,0x100,9A 00 1E 00 00 00 00 00
3.860000,0x101,00 00 00 00 00 00 00 00
3.860000,0x102,00 00 00 00 00 00 00 00
3.860000,0x200,72 EC 06 00 00 00 00 00
3.880000,0x100,9B 00 1E 00 00 00 00 00
3.880000,0x101,00 00 00 00 00 00 00 00
3.880000,0x102,00 00 00 00 00 00 00 00
3.880000,0x200,72 F0 06 00 00 00 00 00
3.900000,0x100,9C 00 1E 00 00 00 00 00
3.900000,0x101,00 00 00 00 00 00 00 00
3.900000,0x102,00 00 00 00 00 00 00 00
3.900000,0x200,72 F4 06 00 00 00 00 00
3.920000,0x100,9D 00 1E 00 00 00 00 00
3.920000,0x101,00 00 00 00 00 00 00 00
3.920000,0x102,00 00 00 00 00 00 00 00
3.920000,0x200,72 F8 06 00 00 00 00 00
3.940000,0x100,9E 00 1E 00 00 00 00 00
3.940000,0x101,00 00 00 00 00 00 00 00
3.940000,0x102,00 00 00 00 00 00 00 00
3.940000,0x200,72 FC 06 00 00 00 00 00
3.960000,0x100,9E 00 1E 00 00 00 00 00
3.960000,0x101,00 00 00 00 00 00 00 00
3.960000,0x102,00 00 00 00 00 00 00 00
3.960000,0x200,72 00 07 00 00 00 00 00
3.980000,0x100,9F 00 1E 00 00 00 00 00
3.980000,0x101,00 00 00 00 00 00 00 00
3.980000,0x102,00 00 00 00 00 00 00 00
3.980000,0x200,72 04 07 00 00 00 00 00
4.000000,0x100,A0 00 1E 00 00 00 00 00
4.000000,0x101,00 00 00 00 00 00 00 00
4.000000,0x102,00 00 00 00 00 00 00 00
4.000000,0x200,72 08 07 00 00 00 00 00
4.020000,0x100,A1 00 1E 00 00 00 00 00
4.020000,0x101,00 00 00 00 00 00 00 00
4.020000,0x102,00 00 00 00 00 00 00 00
4.020000,0x200,73 0C 07 00 00 00 00 00
4.040000,0x100,A2 00 1E 00 00 00 00 00
4.040000,0x101,00 00 00 00 00 00 00 00
4.040000,0x102,00 00 00 00 00 00 00 00
4.040000,0x200,73 10 07 00 00 00 00 00
4.060000,0x100,A2 00 1E 00 00 00 00 00
4.060000,0x101,00 00 00 00 00 00 00 00
4.060000,0x102,00 00 00 00 00 00 00 00
4.060000,0x200,73 14 07 00 00 00 00 00
4.080000,0x100,A3 00 1E 00 00 00 00 00
4.080000,0x101,00 00 00 00 00 00 00 00
4.080000,0x102,00 00 00 00 00 00 00 00
4.080000,0x200,73 18 07 00 00 00 00 00
4.100000,0x100,A4 00 1E 00 00 00 00 00
4.100000,0x101,00 00 00 00 00 00 00 00
4.100000,0x102,00 00 00 00 00 00 00 00
4.100000,0x200,73 1C 07 00 00 00 00 00
4.120000,0x100,A5 00 1E 00 00 00 00 00
4.120000,0x101,00 00 00 00 00 00 00 00
4.120000,0x102,00 00 00 00 00 00 00 00
4.120000,0x200,73 20 07 00 00 00 00 00
4.140000,0x100,A6 00 1E 00 00 00 00 00
4.140000,0x101,00 00 00 00 00 00 00 00
4.140000,0x102,00 00 00 00 00 00 00 00
4.140000,0x200,73 24 07 00 00 00 00 00
4.160000,0x100,A6 00 1E 00 00 00 00 00
4.160000,0x101,00 00 00 00 00 00 00 00
4.160000,0x102,00 00 00 00 00 00 00 00
4.160000,0x200,73 28 07 00 00 00 00 00
4.180000,0x100,A7 00 1E 00 00 00 00 00
4.180000,0x101,00 00 00 00 00 00 00 00
4.180000,0x102,00 00 00 00 00 00 00 00
4.180000,0x200,73 2C 07 00 00 00 00 00
4.200000,0x100,A8 00 1E 00 00 00 00 00
4.200000,0x101,00 00 00 00 00 00 00 00
4.200000,0x102,00 00 00 00 00 00 00 00
4.200000,0x200,73 30 07 00 00 00 00 00
4.220000,0x100,A9 00 1E 00 00 00 00 00
4.220000,0x101,00 00 00 00 00 00 00 00
4.220000,0x102,00 00 00 00 00 00 00 00
4.220000,0x200,73 34 07 00 00 00 00 00
4.240000,0x100,AA 00 1E 00 00 00 00 00
4.240000,0x101,00 00 00 00 00 00 00 00
4.240000,0x102,00 00 00 00 00 00 00 00
4.240000,0x200,73 38 07 00 00 00 00 00
4.260000,0x100,AA 00 1E 00 00 00 00 00
4.260000,0x101,00 00 00 00 00 00 00 00
4.260000,0x102,00 00 00 00 00 00 00 00
4.260000,0x200,73 3C 07 00 00 00 00 00
4.280000,0x100,AB 00 1E 00 00 00 00 00
4.280000,0x101,00 00 00 00 00 00 00 00
4.280000,0x102,00 00 00 00 00 00 00 00
4.280000,0x200,73 40 07 00 00 00 00 00
4.300000,0x100,AC 00 1E 00 00 00 00 00
4.300000,0x101,00 00 00 00 00 00 00 00
4.300000,0x102,00 00 00 00 00 00 00 00
4.300000,0x200,74 44 07 00 00 00 00 00
4.320000,0x100,AD 00 1E 00 00 00 00 00
4.320000,0x101,00 00 00 00 00 00 00 00
4.320000,0x102,00 00 00 00 00 00 00 00
4.320000,0x200,74 48 07 00 00 00 00 00
4.340000,0x100,AE 00 1E 00 00 00 00 00
4.340000,0x101,00 00 00 00 00 00 00 00
4.340000,0x102,00 00 00 00 00 00 00 00
4.340000,0x200,74 4C 07 00 00 00 00 00
4.360000,0x100,AE 00 1E 00 00 00 00 00
4.360000,0x101,00 00 00 00 00 00 00 00
4.360000,0x102,00 00 00 00 00 00 00 00
4.360000,0x200,74 50 07 00 00 00 00 00
4.380000,0x100,AF 00 1E 00 00 00 00 00
4.380000,0x101,00 00 00 00 00 00 00 00
4.380000,0x102,00 00 00 00 00 00 00 00
4.380000,0x200,74 54 07 00 00 00 00 00
4.400000,0x100,B0 00 1E 00 00 00 00 00
4.400000,0x101,00 00 00 00 00 00 00 00
4.400000,0x102,00 00 00 00 00 00 00 00
4.400000,0x200,74 58 07 00 00 00 00 00
4.420000,0x100,B1 00 1E 00 00 00 00 00
4.420000,0x101,00 00 00 00 00 00 00 00
4.420000,0x102,00 00 00 00 00 00 00 00
4.420000,0x200,74 5C 07 00 00 00 00 00
4.440000,0x100,B2 00 1E 00 00 00 00 00
4.440000,0x101,00 00 00 00 00 00 00 00
4.440000,0x102,00 00 00 00 00 00 00 00
4.440000,0x200,74 60 07 00 00 00 00 00
4.460000,0x100,B2 00 1E 00 00 00 00 00
4.460000,0x101,00 00 00 00 00 00 00 00
4.460000,0x102,00 00 00 00 00 00 00 00
4.460000,0x200,74 64 07 00 00 00 00 00
4.480000,0x100,B3 00 1E 00 00 00 00 00
4.480000,0x101,00 00 00 00 00 00 00 00
4.480000,0x102,00 00 00 00 00 00 00 00
4.480000,0x200,74 68 07 00 00 00 00 00
4.500000,0x100,B4 00 1E 00 00 00 00 00
4.500000,0x101,00 00 00 00 00 00 00 00
4.500000,0x102,00 00 00 00 00 00 00 00
4.500000,0x200,74 6C 07 00 00 00 00 00
4.520000,0x100,B5 00 1E 00 00 00 00 00
4.520000,0x101,00 00 00 00 00 00 00 00
4.520000,0x102,00 00 00 00 00 00 00 00
4.520000,0x200,74 70 07 00 00 00 00 00
4.540000,0x100,B6 00 1E 00 00 00 00 00
4.540000,0x101,00 00 00 00 00 00 00 00
4.540000,0x102,00 00 00 00 00 00 00 00
4.540000,0x200,74 74 07 00 00 00 00 00
4.560000,0x100,B6 00 1E 00 00 00 00 00
4.560000,0x101,00 00 00 00 00 00 00 00
4.560000,0x102,00 00 00 00 00 00 00 00
4.560000,0x200,74 78 07 00 00 00 00 00
4.580000,0x100,B7 00 1E 00 00 00 00 00
4.580000,0x101,00 00 00 00 00 00 00 00
4.580000,0x102,00 00 00 00 00 00 00 00
4.580000,0x200,75 7C 07 00 00 00 00 00
4.600000,0x100,B8 00 1E 00 00 00 00 00
4.600000,0x101,00 00 00 00 00 00 00 00
4.600000,0x102,00 00 00 00 00 00 00 00
4.600000,0x200,75 80 07 00 00 00 00 00
4.620000,0x100,B9 00 1E 00 00 00 00 00
4.620000,0x101,00 00 00 00 00 00 00 00
4.620000,0x102,00 00 00 00 00 00 00 00
4.620000,0x200,75 84 07 00 00 00 00 00
4.640000,0x100,BA 00 1E 00 00 00 00 00
4.640000,0x101,00 00 00 00 00 00 00 00
4.640000,0x102,00 00 00 00 00 00 00 00
4.640000,0x200,75 88 07 00 00 00 00 00
4.660000,0x100,BA 00 1E 00 00 00 00 00
4.660000,0x101,00 00 00 00 00 00 00 00
4.660000,0x102,00 00 00 00 00 00 00 00
4.660000,0x200,75 8C 07 00 00 00 00 00
4.680000,0x100,BB 00 1E 00 00 00 00 00
4.680000,0x101,00 00 00 00 00 00 00 00
4.680000,0x102,00 00 00 00 00 00 00 00
4.680000,0x200,75 90 07 00 00 00 00 00
4.700000,0x100,BC 00 1E 00 00 00 00 00
4.700000,0x101,00 00 00 00 00 00 00 00
4.700000,0x102,00 00 00 00 00 00 00 00
4.700000,0x200,75 94 07 00 00 00 00 00
4.720000,0x100,BD 00 1E 00 00 00 00 00
4.720000,0x101,00 00 00 00 00 00 00 00
4.720000,0x102,00 00 00 00 00 00 00 00
4.720000,0x200,75 98 07 00 00 00 00 00
4.740000,0x100,BE 00 1E 00 00 00 00 00
4.740000,0x101,00 00 00 00 00 00 00 00
4.740000,0x102,00 00 00 00 00 00 00 00
4.740000,0x200,75 9C 07 00 00 00 00 00
4.760000,0x100,BE 00 1E 00 00 00 00 00
4.760000,0x101,00 00 00 00 00 00 00 00
4.760000,0x102,00 00 00 00 00 00 00 00
4.760000,0x200,75 A0 07 00 00 00 00 00
4.780000,0x100,BF 00 1E 00 00 00 00 00
4.780000,0x101,00 00 00 00 00 00 00 00
4.780000,0x102,00 00 00 00 00 00 00 00
4.780000,0x200,75 A4 07 00 00 00 00 00
4.800000,0x100,C0 00 1E 00 00 00 00 00
4.800000,0x101,00 00 00 00 00 00 00 00
4.800000,0x102,00 00 00 00 00 00 00 00
4.800000,0x200,75 A8 07 00 00 00 00 00
4.820000,0x100,C1 00 1E 00 00 00 00 00
4.820000,0x101,00 00 00 00 00 00 00 00
4.820000,0x102,00 00 00 00 00 00 00 00
4.820000,0x200,75 AC 07 00 00 00 00 00
4.840000,0x100,C2 00 1E 00 00 00 00 00
4.840000,0x101,00 00 00 00 00 00 00 00
4.840000,0x102,00 00 00 00 00 00 00 00
4.840000,0x200,75 B0 07 00 00 00 00 00
4.860000,0x100,C2 00 1E 00 00 00 00 00
4.860000,0x101,00 00 00 00 00 00 00 00
4.860000,0x102,00 00 00 00 00 00 00 00
4.860000,0x200,76 B4 07 00 00 00 00 00
4.880000,0x100,C3 00 1E 00 00 00 00 00
4.880000,0x101,00 00 00 00 00 00 00 00
4.880000,0x102,00 00 00 00 00 00 00 00
4.880000,0x200,76 B8 07 00 00 00 00 00
4.900000,0x100,C4 00 1E 00 00 00 00 00
4.900000,0x101,00 00 00 00 00 00 00 00
4.900000,0x102,00 00 00 00 00 00 00 00
4.900000,0x200,76 BC 07 00 00 00 00 00
4.920000,0x100,C5 00 1E 00 00 00 00 00
4.920000,0x101,00 00 00 00 00 00 00 00
4.920000,0x102,00 00 00 00 00 00 00 00
4.920000,0x200,76 C0 07 00 00 00 00 00
4.940000,0x100,C6 00 1E 00 00 00 00 00
4.940000,0x101,00 00 00 00 00 00 00 00
4.940000,0x102,00 00 00 00 00 00 00 00
4.940000,0x200,76 C4 07 00 00 00 00 00
4.960000,0x100,C6 00 1E 00 00 00 00 00
4.960000,0x101,00 00 00 00 00 00 00 00
4.960000,0x102,00 00 00 00 00 00 00 00
4.960000,0x200,76 C8 07 00 00 00 00 00
4.980000,0x100,C7 00 1E 00 00 00 00 00
4.980000,0x101,00 00 00 00 00 00 00 00
4.980000,0x102,00 00 00 00 00 00 00 00
4.980000,0x200,76 CC 07 00 00 00 00 00
5.000000,0x100,C8 00 1E 00 00 00 00 00
5.000000,0x101,01 00 00 00 00 00 00 00
5.000000,0x102,00 00 00 00 00 00 00 00
5.000000,0x200,76 D0 07 00 00 00 00 00
5.020000,0x100,C9 00 1E 00 00 00 00 00
5.020000,0x101,01 00 00 00 00 00 00 00
5.020000,0x102,00 00 00 00 00 00 00 00
5.020000,0x200,76 D4 07 00 00 00 00 00
5.040000,0x100,CA 00 1E 00 00 00 00 00
5.040000,0x101,01 00 00 00 00 00 00 00
5.040000,0x102,00 00 00 00 00 00 00 00
5.040000,0x200,76 D8 07 00 00 00 00 00
5.060000,0x100,CA 00 1E 00 00 00 00 00
5.060000,0x101,01 00 00 00 00 00 00 00
5.060000,0x102,00 00 00 00 00 00 00 00
5.060000,0x200,76 DC 07 00 00 00 00 00
5.080000,0x100,CB 00 1E 00 00 00 00 00
5.080000,0x101,01 00 00 00 00 00 00 00
5.080000,0x102,00 00 00 00 00 00 00 00
5.080000,0x200,76 E0 07 00 00 00 00 00
5.100000,0x100,CC 00 1E 00 00 00 00 00
5.100000,0x101,01 00 00 00 00 00 00 00
5.100000,0x102,00 00 00 00 00 00 00 00
5.100000,0x200,76 E4 07 00 00 00 00 00
5.120000,0x100,CD 00 1E 00 00 00 00 00
5.120000,0x101,01 00 00 00 00 00 00 00
5.120000,0x102,00 00 00 00 00 00 00 00
5.120000,0x200,76 E8 07 00 00 00 00 00
5.140000,0x100,CE 00 1E 00 00 00 00 00
5.140000,0x101,01 00 00 00 00 00 00 00
5.140000,0x102,00 00 00 00 00 00 00 00
5.140000,0x200,77 EC 07 00 00 00 00 00
5.160000,0x100,CE 00 1E 00 00 00 00 00
5.160000,0x101,01 00 00 00 00 00 00 00
5.160000,0x102,00 00 00 00 00 00 00 00
5.160000,0x200,77 F0 07 00 00 00 00 00
5.180000,0x100,CF 00 1E 00 00 00 00 00
5.180000,0x101,01 00 00 00 00 00 00 00
5.180000,0x102,00 00 00 00 00 00 00 00
5.180000,0x200,77 F4 07 00 00 00 00 00
5.200000,0x100,D0 00 1E 00 00 00 00 00
5.200000,0x101,01 00 00 00 00 00 00 00
5.200000,0x102,00 00 00 00 00 00 00 00
5.200000,0x200,77 F8 07 00 00 00 00 00
5.220000,0x100,D1 00 1E 00 00 00 00 00
5.220000,0x101,01 00 00 00 00 00 00 00
5.220000,0x102,00 00 00 00 00 00 00 00
5.220000,0x200,77 FC 07 00 00 00 00 00
5.240000,0x100,D2 00 1E 00 00 00 00 00
5.240000,0x101,01 00 00 00 00 00 00 00
5.240000,0x102,00 00 00 00 00 00 00 00
5.240000,0x200,77 00 08 00 00 00 00 00
5.260000,0x100,D2 00 1E 00 00 00 00 00
5.260000,0x101,01 00 00 00 00 00 00 00
5.260000,0x102,00 00 00 00 00 00 00 00
5.260000,0x200,77 04 08 00 00 00 00 00
5.280000,0x100,D3 00 1E 00 00 00 00 00
5.280000,0x101,01 00 00 00 00 00 00 00
5.280000,0x102,00 00 00 00 00 00 00 00
5.280000,0x200,77 08 08 00 00 00 00 00
5.300000,0x100,D4 00 1E 00 00 00 00 00
5.300000,0x101,01 00 00 00 00 00 00 00
5.300000,0x102,00 00 00 00 00 00 00 00
5.300000,0x200,77 0C 08 00 00 00 00 00
5.320000,0x100,D5 00 1E 00 00 00 00 00
5.320000,0x101,01 00 00 00 00 00 00 00
5.320000,0x102,00 00 00 00 00 00 00 00
5.320000,0x200,77 10 08 00 00 00 00 00
5.340000,0x100,D6 00 1E 00 00 00 00 00
5.340000,0x101,01 00 00 00 00 00 00 00
5.340000,0x102,00 00 00 00 00 00 00 00
5.340000,0x200,77 14 08 00 00 00 00 00
5.360000,0x100,D6 00 1E 00 00 00 00 00
5.360000,0x101,01 00 00 00 00 00 00 00
5.360000,0x102,00 00 00 00 00 00 00 00
5.360000,0x200,77 18 08 00 00 00 00 00
5.380000,0x100,D7 00 1E 00 00 00 00 00
5.380000,0x101,01 00 00 00 00 00 00 00
5.380000,0x102,00 00 00 00 00 00 00 00
5.380000,0x200,77 1C 08 00 00 00 00 00
5.400000,0x100,D8 00 1E 00 00 00 00 00
5.400000,0x101,01 00 00 00 00 00 00 00
5.400000,0x102,00 00 00 00 00 00 00 00
5.400000,0x200,78 20 08 00 00 00 00 00
5.420000,0x100,D9 00 1E 00 00 00 00 00
5.420000,0x101,01 00 00 00 00 00 00 00
5.420000,0x102,00 00 00 00 00 00 00 00
5.420000,0x200,78 24 08 00 00 00 00 00
5.440000,0x100,DA 00 1E 00 00 00 00 00
5.440000,0x101,01 00 00 00 00 00 00 00
5.440000,0x102,00 00 00 00 00 00 00 00
5.440000,0x200,78 28 08 00 00 00 00 00
5.460000,0x100,DA 00 1E 00 00 00 00 00
5.460000,0x101,01 00 00 00 00 00 00 00
5.460000,0x102,00 00 00 00 00 00 00 00
5.460000,0x200,78 2C 08 00 00 00 00 00
5.480000,0x100,DB 00 1E 00 00 00 00 00
5.480000,0x101,01 00 00 00 00 00 00 00
5.480000,0x102,00 00 00 00 00 00 00 00
5.480000,0x200,78 30 08 00 00 00 00 00
5.500000,0x100,DC 00 1E 00 00 00 00 00
5.500000,0x101,01 00 00 00 00 00 00 00
5.500000,0x102,00 00 00 00 00 00 00 00
5.500000,0x200,78 34 08 00 00 00 00 00
5.520000,0x100,DD 00 1E 00 00 00 00 00
5.520000,0x101,01 00 00 00 00 00 00 00
5.520000,0x102,00 00 00 00 00 00 00 00
5.520000,0x200,78 38 08 00 00 00 00 00
5.540000,0x100,DE 00 1E 00 00 00 00 00
5.540000,0x101,01 00 00 00 00 00 00 00
5.540000,0x102,00 00 00 00 00 00 00 00
5.540000,0x200,78 3C 08 00 00 00 00 00
5.560000,0x100,DE 00 1E 00 00 00 00 00
5.560000,0x101,01 00 00 00 00 00 00 00
5.560000,0x102,00 00 00 00 00 00 00 00
5.560000,0x200,78 40 08 00 00 00 00 00
5.580000,0x100,DF 00 1E 00 00 00 00 00
5.580000,0x101,01 00 00 00 00 00 00 00
5.580000,0x102,00 00 00 00 00 00 00 00
5.580000,0x200,78 44 08 00 00 00 00 00
5.600000,0x100,E0 00 1E 00 00 00 00 00
5.600000,0x101,01 00 00 00 00 00 00 00
5.600000,0x102,00 00 00 00 00 00 00 00
5.600000,0x200,78 48 08 00 00 00 00 00
5.620000,0x100,E1 00 1E 00 00 00 00 00
5.620000,0x101,01 00 00 00 00 00 00 00
5.620000,0x102,00 00 00 00 00 00 00 00
5.620000,0x200,78 4C 08 00 00 00 00 00
5.640000,0x100,E2 00 1E 00 00 00 00 00
5.640000,0x101,01 00 00 00 00 00 00 00
5.640000,0x102,00 00 00 00 00 00 00 00
5.640000,0x200,78 50 08 00 00 00 00 00
5.660000,0x100,E2 00 1E 00 00 00 00 00
5.660000,0x101,01 00 00 00 00 00 00 00
5.660000,0x102,00 00 00 00 00 00 00 00
5.660000,0x200,78 54 08 00 00 00 00 00
5.680000,0x100,E3 00 1E 00 00 00 00 00
5.680000,0x101,01 00 00 00 00 00 00 00
5.680000,0x102,00 00 00 00 00 00 00 00
5.680000,0x200,79 58 08 00 00 00 00 00
5.700000,0x100,E4 00 1E 00 00 00 00 00
5.700000,0x101,01 00 00 00 00 00 00 00
5.700000,0x102,00 00 00 00 00 00 00 00
5.700000,0x200,79 5C 08 00 00 00 00 00
5.720000,0x100,E5 00 1E 00 00 00 00 00
5.720000,0x101,01 00 00 00 00 00 00 00
5.720000,0x102,00 00 00 00 00 00 00 00
5.720000,0x200,79 60 08 00 00 00 00 00
5.740000,0x100,E6 00 1E 00 00 00 00 00
5.740000,0x101,01 00 00 00 00 00 00 00
5.740000,0x102,00 00 00 00 00 00 00 00
5.740000,0x200,79 64 08 00 00 00 00 00
5.760000,0x100,E6 00 1E 00 00 00 00 00
5.760000,0x101,01 00 00 00 00 00 00 00
5.760000,0x102,00 00 00 00 00 00 00 00
5.760000,0x200,79 68 08 00 00 00 00 00
5.780000,0x100,E7 00 1E 00 00 00 00 00
5.780000,0x101,01 00 00 00 00 00 00 00
5.780000,0x102,00 00 00 00 00 00 00 00
5.780000,0x200,79 6C 08 00 00 00 00 00
5.800000,0x100,E8 00 1E 00 00 00 00 00
5.800000,0x101,01 00 00 00 00 00 00 00
5.800000,0x102,00 00 00 00 00 00 00 00
5.800000,0x200,79 70 08 00 00 00 00 00
5.820000,0x100,E9 00 1E 00 00 00 00 00
5.820000,0x101,01 00 00 00 00 00 00 00
5.820000,0x102,00 00 00 00 00 00 00 00
5.820000,0x200,79 74 08 00 00 00 00 00
5.840000,0x100,EA 00 1E 00 00 00 00 00
5.840000,0x101,01 00 00 00 00 00 00 00
5.840000,0x102,00 00 00 00 00 00 00 00
5.840000,0x200,79 78 08 00 00 00 00 00
5.860000,0x100,EA 00 1E 00 00 00 00 00
5.860000,0x101,01 00 00 00 00 00 00 00
5.860000,0x102,00 00 00 00 00 00 00 00
5.860000,0x200,79 7C 08 00 00 00 00 00
5.880000,0x100,EB 00 1E 00 00 00 00 00
5.880000,0x101,01 00 00 00 00 00 00 00
5.880000,0x102,00 00 00 00 00 00 00 00
5.880000,0x200,79 80 08 00 00 00 00 00
5.900000,0x100,EC 00 1E 00 00 00 00 00
5.900000,0x101,01 00 00 00 00 00 00 00
5.900000,0x102,00 00 00 00 00 00 00 00
5.900000,0x200,79 84 08 00 00 00 00 00
5.920000,0x100,ED 00 1E 00 00 00 00 00
5.920000,0x101,01 00 00 00 00 00 00 00
5.920000,0x102,00 00 00 00 00 00 00 00
5.920000,0x200,79 88 08 00 00 00 00 00
5.940000,0x100,EE 00 1E 00 00 00 00 00
5.940000,0x101,01 00 00 00 00 00 00 00
5.940000,0x102,00 00 00 00 00 00 00 00
5.940000,0x200,79 8C 08 00 00 00 00 00
5.960000,0x100,EE 00 1E 00 00 00 00 00
5.960000,0x101,01 00 00 00 00 00 00 00
5.960000,0x102,00 00 00 00 00 00 00 00
5.960000,0x200,7A 90 08 00 00 00 00 00
5.980000,0x100,EF 00 1E 00 00 00 00 00
5.980000,0x101,01 00 00 00 00 00 00 00
5.980000,0x102,00 00 00 00 00 00 00 00
5.980000,0x200,7A 94 08 00 00 00 00 00
6.000000,0x100,F0 00 1E 00 00 00 00 00
6.000000,0x101,00 00 00 00 00 00 00 00
6.000000,0x102,00 00 00 00 00 00 00 00
6.000000,0x200,7A 98 08 00 00 00 00 00
6.020000,0x100,F1 00 1E 00 00 00 00 00
6.020000,0x101,00 00 00 00 00 00 00 00
6.020000,0x102,00 00 00 00 00 00 00 00
6.020000,0x200,7A 9C 08 00 00 00 00 00
6.040000,0x100,F2 00 1E 00 00 00 00 00
6.040000,0x101,00 00 00 00 00 00 00 00
6.040000,0x102,00 00 00 00 00 00 00 00
6.040000,0x200,7A A0 08 00 00 00 00 00
6.060000,0x100,F2 00 1E 00 00 00 00 00
6.060000,0x101,00 00 00 00 00 00 00 00
6.060000,0x102,00 00 00 00 00 00 00 00
6.060000,0x200,7A A4 08 00 00 00 00 00
6.080000,0x100,F3 00 1E 00 00 00 00 00
6.080000,0x101,00 00 00 00 00 00 00 00
6.080000,0x102,00 00 00 00 00 00 00 00
6.080000,0x200,7A A8 08 00 00 00 00 00
6.100000,0x100,F4 00 1E 00 00 00 00 00
6.100000,0x101,00 00 00 00 00 00 00 00
6.100000,0x102,00 00 00 00 00 00 00 00
6.100000,0x200,7A AC 08 00 00 00 00 00
6.120000,0x100,F5 00 1E 00 00 00 00 00
6.120000,0x101,00 00 00 00 00 00 00 00
6.120000,0x102,00 00 00 00 00 00 00 00
6.120000,0x200,7A B0 08 00 00 00 00 00
6.140000,0x100,F6 00 1E 00 00 00 00 00
6.140000,0x101,00 00 00 00 00 00 00 00
6.140000,0x102,00 00 00 00 00 00 00 00
6.140000,0x200,7A B4 08 00 00 00 00 00
6.160000,0x100,F6 00 1E 00 00 00 00 00
6.160000,0x101,00 00 00 00 00 00 00 00
6.160000,0x102,00 00 00 00 00 00 00 00
6.160000,0x200,7A B8 08 00 00 00 00 00
6.180000,0x100,F7 00 1E 00 00 00 00 00
6.180000,0x101,00 00 00 00 00 00 00 00
6.180000,0x102,00 00 00 00 00 00 00 00
6.180000,0x200,7A BC 08 00 00 00 00 00
6.200000,0x100,F8 00 1E 00 00 00 00 00
6.200000,0x101,00 00 00 00 00 00 00 00
6.200000,0x102,00 00 00 00 00 00 00 00
6.200000,0x200,7A C0 08 00 00 00 00 00
6.220000,0x100,F9 00 1E 00 00 00 00 00
6.220000,0x101,00 00 00 00 00 00 00 00
6.220000,0x102,00 00 00 00 00 00 00 00
6.220000,0x200,7A C4 08 00 00 00 00 00
6.240000,0x100,FA 00 1E 00 00 00 00 00
6.240000,0x101,00 00 00 00 00 00 00 00
6.240000,0x102,00 00 00 00 00 00 00 00
6.240000,0x200,7B C8 08 00 00 00 00 00
6.260000,0x100,FA 00 1E 00 00 00 00 00
6.260000,0x101,00 00 00 00 00 00 00 00
6.260000,0x102,00 00 00 00 00 00 00 00
6.260000,0x200,7B CC 08 00 00 00 00 00
6.280000,0x100,FB 00 1E 00 00 00 00 00
6.280000,0x101,00 00 00 00 00 00 00 00
6.280000,0x102,00 00 00 00 00 00 00 00
6.280000,0x200,7B D0 08 00 00 00 00 00
6.300000,0x100,FC 00 1E 00 00 00 00 00
6.300000,0x101,00 00 00 00 00 00 00 00
6.300000,0x102,00 00 00 00 00 00 00 00
6.300000,0x200,7B D4 08 00 00 00 00 00
6.320000,0x100,FD 00 1E 00 00 00 00 00
6.320000,0x101,00 00 00 00 00 00 00 00
6.320000,0x102,00 00 00 00 00 00 00 00
6.320000,0x200,7B D8 08 00 00 00 00 00
6.340000,0x100,FE 00 1E 00 00 00 00 00
6.340000,0x101,00 00 00 00 00 00 00 00
6.340000,0x102,00 00 00 00 00 00 00 00
6.340000,0x200,7B DC 08 00 00 00 00 00
6.360000,0x100,FE 00 1E 00 00 00 00 00
6.360000,0x101,00 00 00 00 00 00 00 00
6.360000,0x102,00 00 00 00 00 00 00 00
6.360000,0x200,7B E0 08 00 00 00 00 00
6.380000,0x100,FF 00 1E 00 00 00 00 00
6.380000,0x101,00 00 00 00 00 00 00 00
6.380000,0x102,00 00 00 00 00 00 00 00
6.380000,0x200,7B E4 08 00 00 00 00 00
6.400000,0x100,00 01 1E 00 00 00 00 00
6.400000,0x101,00 00 00 00 00 00 00 00
6.400000,0x102,00 00 00 00 00 00 00 00
6.400000,0x200,7B E8 08 00 00 00 00 00
6.420000,0x100,01 01 1E 00 00 00 00 00
6.420000,0x101,00 00 00 00 00 00 00 00
6.420000,0x102,00 00 00 00 00 00 00 00
6.420000,0x200,7B EC 08 00 00 00 00 00
6.440000,0x100,02 01 1E 00 00 00 00 00
6.440000,0x101,00 00 00 00 00 00 00 00
6.440000,0x102,00 00 00 00 00 00 00 00
6.440000,0x200,7B F0 08 00 00 00 00 00
6.460000,0x100,02 01 1E 00 00 00 00 00
6.460000,0x101,00 00 00 00 00 00 00 00
6.460000,0x102,00 00 00 00 00 00 00 00
6.460000,0x200,7B F4 08 00 00 00 00 00
6.480000,0x100,03 01 1E 00 00 00 00 00
6.480000,0x101,00 00 00 00 00 00 00 00
6.480000,0x102,00 00 00 00 00 00 00 00
6.480000,0x200,7B F8 08 00 00 00 00 00
6.500000,0x100,04 01 1E 00 00 00 00 00
6.500000,0x101,00 00 00 00 00 00 00 00
6.500000,0x102,00 00 00 00 00 00 00 00
6.500000,0x200,7B FC 08 00 00 00 00 00
6.520000,0x100,05 01 1E 00 00 00 00 00
6.520000,0x101,00 00 00 00 00 00 00 00
6.520000,0x102,00 00 00 00 00 00 00 00
6.520000,0x200,7C 00 09 00 00 00 00 00
6.540000,0x100,06 01 1E 00 00 00 00 00
6.540000,0x101,00 00 00 00 00 00 00 00
6.540000,0x102,00 00 00 00 00 00 00 00
6.540000,0x200,7C 04 09 00 00 00 00 00
6.560000,0x100,06 01 1E 00 00 00 00 00
6.560000,0x101,00 00 00 00 00 00 00 00
6.560000,0x102,00 00 00 00 00 00 00 00
6.560000,0x200,7C 08 09 00 00 00 00 00
6.580000,0x100,07 01 1E 00 00 00 00 00
6.580000,0x101,00 00 00 00 00 00 00 00
6.580000,0x102,00 00 00 00 00 00 00 00
6.580000,0x200,7C 0C 09 00 00 00 00 00
6.600000,0x100,08 01 1E 00 00 00 00 00
6.600000,0x101,00 00 00 00 00 00 00 00
6.600000,0x102,00 00 00 00 00 00 00 00
6.600000,0x200,7C 10 09 00 00 00 00 00
6.620000,0x100,09 01 1E 00 00 00 00 00
6.620000,0x101,00 00 00 00 00 00 00 00
6.620000,0x102,00 00 00 00 00 00 00 00
6.620000,0x200,7C 14 09 00 00 00 00 00
6.640000,0x100,0A 01 1E 00 00 00 00 00
6.640000,0x101,00 00 00 00 00 00 00 00
6.640000,0x102,00 00 00 00 00 00 00 00
6.640000,0x200,7C 18 09 00 00 00 00 00
6.660000,0x100,0A 01 1E 00 00 00 00 00
6.660000,0x101,00 00 00 00 00 00 00 00
6.660000,0x102,00 00 00 00 00 00 00 00
6.660000,0x200,7C 1C 09 00 00 00 00 00
6.680000,0x100,0B 01 1E 00 00 00 00 00
6.680000,0x101,00 00 00 00 00 00 00 00
6.680000,0x102,00 00 00 00 00 00 00 00
6.680000,0x200,7C 20 09 00 00 00 00 00
6.700000,0x100,0C 01 1E 00 00 00 00 00
6.700000,0x101,00 00 00 00 00 00 00 00
6.700000,0x102,00 00 00 00 00 00 00 00
6.700000,0x200,7C 24 09 00 00 00 00 00
6.720000,0x100,0D 01 1E 00 00 00 00 00
6.720000,0x101,00 00 00 00 00 00 00 00
6.720000,0x102,00 00 00 00 00 00 00 00
6.720000,0x200,7C 28 09 00 00 00 00 00
6.740000,0x100,0E 01 1E 00 00 00 00 00
6.740000,0x101,00 00 00 00 00 00 00 00
6.740000,0x102,00 00 00 00 00 00 00 00
6.740000,0x200,7C 2C 09 00 00 00 00 00
6.760000,0x100,0E 01 1E 00 00 00 00 00
6.760000,0x101,00 00 00 00 00 00 00 00
6.760000,0x102,00 00 00 00 00 00 00 00
6.760000,0x200,7C 30 09 00 00 00 00 00
6.780000,0x100,0F 01 1E 00 00 00 00 00
6.780000,0x101,00 00 00 00 00 00 00 00
6.780000,0x102,00 00 00 00 00 00 00 00
6.780000,0x200,7C 34 09 00 00 00 00 00
6.800000,0x100,10 01 1E 00 00 00 00 00
6.800000,0x101,00 00 00 00 00 00 00 00
6.800000,0x102,00 00 00 00 00 00 00 00
6.800000,0x200,7D 38 09 00 00 00 00 00
6.820000,0x100,11 01 1E 00 00 00 00 00
6.820000,0x101,00 00 00 00 00 00 00 00
6.820000,0x102,00 00 00 00 00 00 00 00
6.820000,0x200,7D 3C 09 00 00 00 00 00
6.840000,0x100,12 01 1E 00 00 00 00 00
6.840000,0x101,00 00 00 00 00 00 00 00
6.840000,0x102,00 00 00 00 00 00 00 00
6.840000,0x200,7D 40 09 00 00 00 00 00
6.860000,0x100,12 01 1E 00 00 00 00 00
6.860000,0x101,00 00 00 00 00 00 00 00
6.860000,0x102,00 00 00 00 00 00 00 00
6.860000,0x200,7D 44 09 00 00 00 00 00
6.880000,0x100,13 01 1E 00 00 00 00 00
6.880000,0x101,00 00 00 00 00 00 00 00
6.880000,0x102,00 00 00 00 00 00 00 00
6.880000,0x200,7D 48 09 00 00 00 00 00
6.900000,0x100,14 01 1E 00 00 00 00 00
6.900000,0x101,00 00 00 00 00 00 00 00
6.900000,0x102,00 00 00 00 00 00 00 00
6.900000,0x200,7D 4C 09 00 00 00 00 00
6.920000,0x100,15 01 1E 00 00 00 00 00
6.920000,0x101,00 00 00 00 00 00 00 00
6.920000,0x102,00 00 00 00 00 00 00 00
6.920000,0x200,7D 50 09 00 00 00 00 00
6.940000,0x100,16 01 1E 00 00 00 00 00
6.940000,0x101,00 00 00 00 00 00 00 00
6.940000,0x102,00 00 00 00 00 00 00 00
6.940000,0x200,7D 54 09 00 00 00 00 00
6.960000,0x100,16 01 1E 00 00 00 00 00
6.960000,0x101,00 00 00 00 00 00 00 00
6.960000,0x102,00 00 00 00 00 00 00 00
6.960000,0x200,7D 58 09 00 00 00 00 00
6.980000,0x100,17 01 1E 00 00 00 00 00
6.980000,0x101,00 00 00 00 00 00 00 00
6.980000,0x102,00 00 00 00 00 00 00 00
6.980000,0x200,7D 5C 09 00 00 00 00 00
7.000000,0x100,18 01 1E 00 00 00 00 00
7.000000,0x101,00 00 00 00 00 00 00 00
7.000000,0x102,00 00 00 00 00 00 00 00
7.000000,0x200,7D 60 09 00 00 00 00 00
7.020000,0x100,19 01 1E 00 00 00 00 00
7.020000,0x101,00 00 00 00 00 00 00 00
7.020000,0x102,00 00 00 00 00 00 00 00
7.020000,0x200,7D 64 09 00 00 00 00 00
7.040000,0x100,1A 01 1E 00 00 00 00 00
7.040000,0x101,00 00 00 00 00 00 00 00
7.040000,0x102,00 00 00 00 00 00 00 00
7.040000,0x200,7D 68 09 00 00 00 00 00
7.060000,0x100,1A 01 1E 00 00 00 00 00
7.060000,0x101,00 00 00 00 00 00 00 00
7.060000,0x102,00 00 00 00 00 00 00 00
7.060000,0x200,7D 6C 09 00 00 00 00 00
7.080000,0x100,1B 01 1E 00 00 00 00 00
7.080000,0x101,00 00 00 00 00 00 00 00
7.080000,0x102,00 00 00 00 00 00 00 00
7.080000,0x200,7E 70 09 00 00 00 00 00
7.100000,0x100,1C 01 1E 00 00 00 00 00
7.100000,0x101,00 00 00 00 00 00 00 00
7.100000,0x102,00 00 00 00 00 00 00 00
7.100000,0x200,7E 74 09 00 00 00 00 00
7.120000,0x100,1D 01 1E 00 00 00 00 00
7.120000,0x101,00 00 00 00 00 00 00 00
7.120000,0x102,00 00 00 00 00 00 00 00
7.120000,0x200,7E 78 09 00 00 00 00 00
7.140000,0x100,1E 01 1E 00 00 00 00 00
7.140000,0x101,00 00 00 00 00 00 00 00
7.140000,0x102,00 00 00 00 00 00 00 00
7.140000,0x200,7E 7C 09 00 00 00 00 00
7.160000,0x100,1E 01 1E 00 00 00 00 00
7.160000,0x101,00 00 00 00 00 00 00 00
7.160000,0x102,00 00 00 00 00 00 00 00
7.160000,0x200,7E 80 09 00 00 00 00 00
7.180000,0x100,1F 01 1E 00 00 00 00 00
7.180000,0x101,00 00 00 00 00 00 00 00
7.180000,0x102,00 00 00 00 00 00 00 00
7.180000,0x200,7E 84 09 00 00 00 00 00
7.200000,0x100,20 01 1E 00 00 00 00 00
7.200000,0x101,00 00 00 00 00 00 00 00
7.200000,0x102,00 00 00 00 00 00 00 00
7.200000,0x200,7E 88 09 00 00 00 00 00
7.220000,0x100,21 01 1E 00 00 00 00 00
7.220000,0x101,00 00 00 00 00 00 00 00
7.220000,0x102,00 00 00 00 00 00 00 00
7.220000,0x200,7E 8C 09 00 00 00 00 00
7.240000,0x100,22 01 1E 00 00 00 00 00
7.240000,0x101,00 00 00 00 00 00 00 00
7.240000,0x102,00 00 00 00 00 00 00 00
7.240000,0x200,7E 90 09 00 00 00 00 00
7.260000,0x100,22 01 1E 00 00 00 00 00
7.260000,0x101,00 00 00 00 00 00 00 00
7.260000,0x102,00 00 00 00 00 00 00 00
7.260000,0x200,7E 94 09 00 00 00 00 00
7.280000,0x100,23 01 1E 00 00 00 00 00
7.280000,0x101,00 00 00 00 00 00 00 00
7.280000,0x102,00 00 00 00 00 00 00 00
7.280000,0x200,7E 98 09 00 00 00 00 00
7.300000,0x100,24 01 1E 00 00 00 00 00
7.300000,0x101,00 00 00 00 00 00 00 00
7.300000,0x102,00 00 00 00 00 00 00 00
7.300000,0x200,7E 9C 09 00 00 00 00 00
7.320000,0x100,25 01 1E 00 00 00 00 00
7.320000,0x101,00 00 00 00 00 00 00 00
7.320000,0x102,00 00 00 00 00 00 00 00
7.320000,0x200,7E A0 09 00 00 00 00 00
7.340000,0x100,26 01 1E 00 00 00 00 00
7.340000,0x101,00 00 00 00 00 00 00 00
7.340000,0x102,00 00 00 00 00 00 00 00
7.340000,0x200,7F A4 09 00 00 00 00 00
7.360000,0x100,26 01 1E 00 00 00 00 00
7.360000,0x101,00 00 00 00 00 00 00 00
7.360000,0x102,00 00 00 00 00 00 00 00
7.360000,0x200,7F A8 09 00 00 00 00 00
7.380000,0x100,27 01 1E 00 00 00 00 00
7.380000,0x101,00 00 00 00 00 00 00 00
7.380000,0x102,00 00 00 00 00 00 00 00
7.380000,0x200,7F AC 09 00 00 00 00 00
7.400000,0x100,28 01 1E 00 00 00 00 00
7.400000,0x101,00 00 00 00 00 00 00 00
7.400000,0x102,00 00 00 00 00 00 00 00
7.400000,0x200,7F B0 09 00 00 00 00 00
7.420000,0x100,29 01 1E 00 00 00 00 00
7.420000,0x101,00 00 00 00 00 00 00 00
7.420000,0x102,00 00 00 00 00 00 00 00
7.420000,0x200,7F B4 09 00 00 00 00 00
7.440000,0x100,2A 01 1E 00 00 00 00 00
7.440000,0x101,00 00 00 00 00 00 00 00
7.440000,0x102,00 00 00 00 00 00 00 00
7.440000,0x200,7F B8 09 00 00 00 00 00
7.460000,0x100,2A 01 1E 00 00 00 00 00
7.460000,0x101,00 00 00 00 00 00 00 00
7.460000,0x102,00 00 00 00 00 00 00 00
7.460000,0x200,7F BC 09 00 00 00 00 00
7.480000,0x100,2B 01 1E 00 00 00 00 00
7.480000,0x101,00 00 00 00 00 00 00 00
7.480000,0x102,00 00 00 00 00 00 00 00
7.480000,0x200,7F C0 09 00 00 00 00 00
7.500000,0x100,2C 01 1E 00 00 00 00 00
7.500000,0x101,00 00 00 00 00 00 00 00
7.500000,0x102,00 00 00 00 00 00 00 00
7.500000,0x200,7F C4 09 00 00 00 00 00
7.520000,0x100,2D 01 1E 00 00 00 00 00
7.520000,0x101,00 00 00 00 00 00 00 00
7.520000,0x102,00 00 00 00 00 00 00 00
7.520000,0x200,7F C8 09 00 00 00 00 00
7.540000,0x100,2E 01 1E 00 00 00 00 00
7.540000,0x101,00 00 00 00 00 00 00 00
7.540000,0x102,00 00 00 00 00 00 00 00
7.540000,0x200,7F CC 09 00 00 00 00 00
7.560000,0x100,2E 01 1E 00 00 00 00 00
7.560000,0x101,00 00 00 00 00 00 00 00
7.560000,0x102,00 00 00 00 00 00 00 00
7.560000,0x200,7F D0 09 00 00 00 00 00
7.580000,0x100,2F 01 1E 00 00 00 00 00
7.580000,0x101,00 00 00 00 00 00 00 00
7.580000,0x102,00 00 00 00 00 00 00 00
7.580000,0x200,7F D4 09 00 00 00 00 00
7.600000,0x100,30 01 1E 00 00 00 00 00
7.600000,0x101,00 00 00 00 00 00 00 00
7.600000,0x102,00 00 00 00 00 00 00 00
7.600000,0x200,7F D8 09 00 00 00 00 00
7.620000,0x100,31 01 1E 00 00 00 00 00
7.620000,0x101,00 00 00 00 00 00 00 00
7.620000,0x102,00 00 00 00 00 00 00 00
7.620000,0x200,80 DC 09 00 00 00 00 00
7.640000,0x100,32 01 1E 00 00 00 00 00
7.640000,0x101,00 00 00 00 00 00 00 00
7.640000,0x102,00 00 00 00 00 00 00 00
7.640000,0x200,80 E0 09 00 00 00 00 00
7.660000,0x100,32 01 1E 00 00 00 00 00
7.660000,0x101,00 00 00 00 00 00 00 00
7.660000,0x102,00 00 00 00 00 00 00 00
7.660000,0x200,80 E4 09 00 00 00 00 00
7.680000,0x100,33 01 1E 00 00 00 00 00
7.680000,0x101,00 00 00 00 00 00 00 00
7.680000,0x102,00 00 00 00 00 00 00 00
7.680000,0x200,80 E8 09 00 00 00 00 00
7.700000,0x100,34 01 1E 00 00 00 00 00
7.700000,0x101,00 00 00 00 00 00 00 00
7.700000,0x102,00 00 00 00 00 00 00 00
7.700000,0x200,80 EC 09 00 00 00 00 00
7.720000,0x100,35 01 1E 00 00 00 00 00
7.720000,0x101,00 00 00 00 00 00 00 00
7.720000,0x102,00 00 00 00 00 00 00 00
7.720000,0x200,80 F0 09 00 00 00 00 00
7.740000,0x100,36 01 1E 00 00 00 00 00
7.740000,0x101,00 00 00 00 00 00 00 00
7.740000,0x102,00 00 00 00 00 00 00 00
7.740000,0x200,80 F4 09 00 00 00 00 00
7.760000,0x100,36 01 1E 00 00 00 00 00
7.760000,0x101,00 00 00 00 00 00 00 00
7.760000,0x102,00 00 00 00 00 00 00 00
7.760000,0x200,80 F8 09 00 00 00 00 00
7.780000,0x100,37 01 1E 00 00 00 00 00
7.780000,0x101,00 00 00 00 00 00 00 00
7.780000,0x102,00 00 00 00 00 00 00 00
7.780000,0x200,80 FC 09 00 00 00 00 00
7.800000,0x100,38 01 1E 00 00 00 00 00
7.800000,0x101,00 00 00 00 00 00 00 00
7.800000,0x102,00 00 00 00 00 00 00 00
7.800000,0x200,80 00 0A 00 00 00 00 00
7.820000,0x100,39 01 1E 00 00 00 00 00
7.820000,0x101,00 00 00 00 00 00 00 00
7.820000,0x102,00 00 00 00 00 00 00 00
7.820000,0x200,80 04 0A 00 00 00 00 00
7.840000,0x100,3A 01 1E 00 00 00 00 00
7.840000,0x101,00 00 00 00 00 00 00 00
7.840000,0x102,00 00 00 00 00 00 00 00
7.840000,0x200,80 08 0A 00 00 00 00 00
7.860000,0x100,3A 01 1E 00 00 00 00 00
7.860000,0x101,00 00 00 00 00 00 00 00
7.860000,0x102,00 00 00 00 00 00 00 00
7.860000,0x200,80 0C 0A 00 00 00 00 00
7.880000,0x100,3B 01 1E 00 00 00 00 00
7.880000,0x101,00 00 00 00 00 00 00 00
7.880000,0x102,00 00 00 00 00 00 00 00
7.880000,0x200,80 10 0A 00 00 00 00 00
7.900000,0x100,3C 01 1E 00 00 00 00 00
7.900000,0x101,00 00 00 00 00 00 00 00
7.900000,0x102,00 00 00 00 00 00 00 00
7.900000,0x200,81 14 0A 00 00 00 00 00
7.920000,0x100,3D 01 1E 00 00 00 00 00
7.920000,0x101,00 00 00 00 00 00 00 00
7.920000,0x102,00 00 00 00 00 00 00 00
7.920000,0x200,81 18 0A 00 00 00 00 00
7.940000,0x100,3E 01 1E 00 00 00 00 00
7.940000,0x101,00 00 00 00 00 00 00 00
7.940000,0x102,00 00 00 00 00 00 00 00
7.940000,0x200,81 1C 0A 00 00 00 00 00
7.960000,0x100,3E 01 1E 00 00 00 00 00
7.960000,0x101,00 00 00 00 00 00 00 00
7.960000,0x102,00 00 00 00 00 00 00 00
7.960000,0x200,81 20 0A 00 00 00 00 00
7.980000,0x100,3F 01 1E 00 00 00 00 00
7.980000,0x101,00 00 00 00 00 00 00 00
7.980000,0x102,00 00 00 00 00 00 00 00
7.980000,0x200,81 24 0A 00 00 00 00 00
8.000000,0x100,40 01 00 00 00 00 00 00
8.000000,0x101,01 00 00 00 00 00 00 00
8.000000,0x102,01 40 21 00 00 00 00 00
8.000000,0x200,81 28 0A 00 00 00 00 00
8.020000,0x100,40 01 00 00 00 00 00 00
8.020000,0x101,01 00 00 00 00 00 00 00
8.020000,0x102,01 40 21 00 00 00 00 00
8.020000,0x200,81 28 0A 00 00 00 00 00
8.040000,0x100,40 01 00 00 00 00 00 00
8.040000,0x101,01 00 00 00 00 00 00 00
8.040000,0x102,01 40 21 00 00 00 00 00
8.040000,0x200,81 28 0A 00 00 00 00 00
8.060000,0x100,40 01 00 00 00 00 00 00
8.060000,0x101,01 00 00 00 00 00 00 00
8.060000,0x102,01 40 21 00 00 00 00 00
8.060000,0x200,81 28 0A 00 00 00 00 00
8.080000,0x100,40 01 00 00 00 00 00 00
8.080000,0x101,01 00 00 00 00 00 00 00
8.080000,0x102,01 40 21 00 00 00 00 00
8.080000,0x200,81 28 0A 00 00 00 00 00
8.100000,0x100,40 01 00 00 00 00 00 00
8.100000,0x101,01 00 00 00 00 00 00 00
8.100000,0x102,01 40 21 00 00 00 00 00
8.100000,0x200,81 28 0A 00 00 00 00 00
8.120000,0x100,40 01 00 00 00 00 00 00
8.120000,0x101,01 00 00 00 00 00 00 00
8.120000,0x102,01 40 21 00 00 00 00 00
8.120000,0x200,81 28 0A 00 00 00 00 00
8.140000,0x100,40 01 00 00 00 00 00 00
8.140000,0x101,01 00 00 00 00 00 00 00
8.140000,0x102,01 40 21 00 00 00 00 00
8.140000,0x200,81 28 0A 00 00 00 00 00
8.160000,0x100,40 01 00 00 00 00 00 00
8.160000,0x101,01 00 00 00 00 00 00 00
8.160000,0x102,01 40 21 00 00 00 00 00
8.160000,0x200,81 28 0A 00 00 00 00 00
8.180000,0x100,40 01 00 00 00 00 00 00
8.180000,0x101,01 00 00 00 00 00 00 00
8.180000,0x102,01 40 21 00 00 00 00 00
8.180000,0x200,82 28 0A 00 00 00 00 00
8.200000,0x100,40 01 00 00 00 00 00 00
8.200000,0x101,01 00 00 00 00 00 00 00
8.200000,0x102,01 40 21 00 00 00 00 00
8.200000,0x200,82 28 0A 00 00 00 00 00
8.220000,0x100,40 01 00 00 00 00 00 00
8.220000,0x101,01 00 00 00 00 00 00 00
8.220000,0x102,01 40 21 00 00 00 00 00
8.220000,0x200,82 28 0A 00 00 00 00 00
8.240000,0x100,40 01 00 00 00 00 00 00
8.240000,0x101,01 00 00 00 00 00 00 00
8.240000,0x102,01 40 21 00 00 00 00 00
8.240000,0x200,82 28 0A 00 00 00 00 00
8.260000,0x100,40 01 00 00 00 00 00 00
8.260000,0x101,01 00 00 00 00 00 00 00
8.260000,0x102,01 40 21 00 00 00 00 00
8.260000,0x200,82 28 0A 00 00 00 00 00
8.280000,0x100,40 01 00 00 00 00 00 00
8.280000,0x101,01 00 00 00 00 00 00 00
8.280000,0x102,01 40 21 00 00 00 00 00
8.280000,0x200,82 28 0A 00 00 00 00 00
8.300000,0x100,40 01 00 00 00 00 00 00
8.300000,0x101,01 00 00 00 00 00 00 00
8.300000,0x102,01 40 21 00 00 00 00 00
8.300000,0x200,82 28 0A 00 00 00 00 00
8.320000,0x100,40 01 00 00 00 00 00 00
8.320000,0x101,01 00 00 00 00 00 00 00
8.320000,0x102,01 40 21 00 00 00 00 00
8.320000,0x200,82 28 0A 00 00 00 00 00
8.340000,0x100,40 01 00 00 00 00 00 00
8.340000,0x101,01 00 00 00 00 00 00 00
8.340000,0x102,01 40 21 00 00 00 00 00
8.340000,0x200,82 28 0A 00 00 00 00 00
8.360000,0x100,40 01 00 00 00 00 00 00
8.360000,0x101,01 00 00 00 00 00 00 00
8.360000,0x102,01 40 21 00 00 00 00 00
8.360000,0x200,82 28 0A 00 00 00 00 00
8.380000,0x100,40 01 00 00 00 00 00 00
8.380000,0x101,01 00 00 00 00 00 00 00
8.380000,0x102,01 40 21 00 00 00 00 00
8.380000,0x200,82 28 0A 00 00 00 00 00
8.400000,0x100,40 01 00 00 00 00 00 00
8.400000,0x101,01 00 00 00 00 00 00 00
8.400000,0x102,01 40 21 00 00 00 00 00
8.400000,0x200,82 28 0A 00 00 00 00 00
8.420000,0x100,40 01 00 00 00 00 00 00
8.420000,0x101,01 00 00 00 00 00 00 00
8.420000,0x102,01 40 21 00 00 00 00 00
8.420000,0x200,82 28 0A 00 00 00 00 00
8.440000,0x100,40 01 00 00 00 00 00 00
8.440000,0x101,01 00 00 00 00 00 00 00
8.440000,0x102,01 40 21 00 00 00 00 00
8.440000,0x200,82 28 0A 00 00 00 00 00
8.460000,0x100,40 01 00 00 00 00 00 00
8.460000,0x101,01 00 00 00 00 00 00 00
8.460000,0x102,01 40 21 00 00 00 00 00
8.460000,0x200,83 28 0A 00 00 00 00 00
8.480000,0x100,40 01 00 00 00 00 00 00
8.480000,0x101,01 00 00 00 00 00 00 00
8.480000,0x102,01 40 21 00 00 00 00 00
8.480000,0x200,83 28 0A 00 00 00 00 00
8.500000,0x100,40 01 00 00 00 00 00 00
8.500000,0x101,01 00 00 00 00 00 00 00
8.500000,0x102,01 40 21 00 00 00 00 00
8.500000,0x200,83 28 0A 00 00 00 00 00
8.520000,0x100,40 01 00 00 00 00 00 00
8.520000,0x101,01 00 00 00 00 00 00 00
8.520000,0x102,01 40 21 00 00 00 00 00
8.520000,0x200,83 28 0A 00 00 00 00 00
8.540000,0x100,40 01 00 00 00 00 00 00
8.540000,0x101,01 00 00 00 00 00 00 00
8.540000,0x102,01 40 21 00 00 00 00 00
8.540000,0x200,83 28 0A 00 00 00 00 00
8.560000,0x100,40 01 00 00 00 00 00 00
8.560000,0x101,01 00 00 00 00 00 00 00
8.560000,0x102,01 40 21 00 00 00 00 00
8.560000,0x200,83 28 0A 00 00 00 00 00
8.580000,0x100,40 01 00 00 00 00 00 00
8.580000,0x101,01 00 00 00 00 00 00 00
8.580000,0x102,01 40 21 00 00 00 00 00
8.580000,0x200,83 28 0A 00 00 00 00 00
8.600000,0x100,40 01 00 00 00 00 00 00
8.600000,0x101,01 00 00 00 00 00 00 00
8.600000,0x102,01 40 21 00 00 00 00 00
8.600000,0x200,83 28 0A 00 00 00 00 00
8.620000,0x100,40 01 00 00 00 00 00 00
8.620000,0x101,01 00 00 00 00 00 00 00
8.620000,0x102,01 40 21 00 00 00 00 00
8.620000,0x200,83 28 0A 00 00 00 00 00
8.640000,0x100,40 01 00 00 00 00 00 00
8.640000,0x101,01 00 00 00 00 00 00 00
8.640000,0x102,01 40 21 00 00 00 00 00
8.640000,0x200,83 28 0A 00 00 00 00 00
8.660000,0x100,40 01 00 00 00 00 00 00
8.660000,0x101,01 00 00 00 00 00 00 00
8.660000,0x102,01 40 21 00 00 00 00 00
8.660000,0x200,83 28 0A 00 00 00 00 00
8.680000,0x100,40 01 00 00 00 00 00 00
8.680000,0x101,01 00 00 00 00 00 00 00
8.680000,0x102,01 40 21 00 00 00 00 00
8.680000,0x200,83 28 0A 00 00 00 00 00
8.700000,0x100,40 01 00 00 00 00 00 00
8.700000,0x101,01 00 00 00 00 00 00 00
8.700000,0x102,01 40 21 00 00 00 00 00
8.700000,0x200,83 28 0A 00 00 00 00 00
8.720000,0x100,40 01 00 00 00 00 00 00
8.720000,0x101,01 00 00 00 00 00 00 00
8.720000,0x102,01 40 21 00 00 00 00 00
8.720000,0x200,83 28 0A 00 00 00 00 00
8.740000,0x100,40 01 00 00 00 00 00 00
8.740000,0x101,01 00 00 00 00 00 00 00
8.740000,0x102,01 40 21 00 00 00 00 00
8.740000,0x200,84 28 0A 00 00 00 00 00
8.760000,0x100,40 01 00 00 00 00 00 00
8.760000,0x101,01 00 00 00 00 00 00 00
8.760000,0x102,01 40 21 00 00 00 00 00
8.760000,0x200,84 28 0A 00 00 00 00 00
8.780000,0x100,40 01 00 00 00 00 00 00
8.780000,0x101,01 00 00 00 00 00 00 00
8.780000,0x102,01 40 21 00 00 00 00 00
8.780000,0x200,84 28 0A 00 00 00 00 00
8.800000,0x100,40 01 00 00 00 00 00 00
8.800000,0x101,01 00 00 00 00 00 00 00
8.800000,0x102,01 40 21 00 00 00 00 00
8.800000,0x200,84 28 0A 00 00 00 00 00
8.820000,0x100,40 01 00 00 00 00 00 00
8.820000,0x101,01 00 00 00 00 00 00 00
8.820000,0x102,01 40 21 00 00 00 00 00
8.820000,0x200,84 28 0A 00 00 00 00 00
8.840000,0x100,40 01 00 00 00 00 00 00
8.840000,0x101,01 00 00 00 00 00 00 00
8.840000,0x102,01 40 21 00 00 00 00 00
8.840000,0x200,84 28 0A 00 00 00 00 00
8.860000,0x100,40 01 00 00 00 00 00 00
8.860000,0x101,01 00 00 00 00 00 00 00
8.860000,0x102,01 40 21 00 00 00 00 00
8.860000,0x200,84 28 0A 00 00 00 00 00
8.880000,0x100,40 01 00 00 00 00 00 00
8.880000,0x101,01 00 00 00 00 00 00 00
8.880000,0x102,01 40 21 00 00 00 00 00
8.880000,0x200,84 28 0A 00 00 00 00 00
8.900000,0x100,40 01 00 00 00 00 00 00
8.900000,0x101,01 00 00 00 00 00 00 00
8.900000,0x102,01 40 21 00 00 00 00 00
8.900000,0x200,84 28 0A 00 00 00 00 00
8.920000,0x100,40 01 00 00 00 00 00 00
8.920000,0x101,01 00 00 00 00 00 00 00
8.920000,0x102,01 40 21 00 00 00 00 00
8.920000,0x200,84 28 0A 00 00 00 00 00
8.940000,0x100,40 01 00 00 00 00 00 00
8.940000,0x101,01 00 00 00 00 00 00 00
8.940000,0x102,01 40 21 00 00 00 00 00
8.940000,0x200,84 28 0A 00 00 00 00 00
8.960000,0x100,40 01 00 00 00 00 00 00
8.960000,0x101,01 00 00 00 00 00 00 00
8.960000,0x102,01 40 21 00 00 00 00 00
8.960000,0x200,84 28 0A 00 00 00 00 00
8.980000,0x100,40 01 00 00 00 00 00 00
8.980000,0x101,01 00 00 00 00 00 00 00
8.980000,0x102,01 40 21 00 00 00 00 00
8.980000,0x200,84 28 0A 00 00 00 00 00
9.000000,0x100,40 01 00 00 00 00 00 00
9.000000,0x101,00 00 00 00 00 00 00 00
9.000000,0x102,01 40 21 00 00 00 00 00
9.000000,0x200,84 28 0A 00 00 00 00 00
9.020000,0x100,40 01 00 00 00 00 00 00
9.020000,0x101,00 00 00 00 00 00 00 00
9.020000,0x102,01 40 21 00 00 00 00 00
9.020000,0x200,85 28 0A 00 00 00 00 00
9.040000,0x100,40 01 00 00 00 00 00 00
9.040000,0x101,00 00 00 00 00 00 00 00
9.040000,0x102,01 40 21 00 00 00 00 00
9.040000,0x200,85 28 0A 00 00 00 00 00
9.060000,0x100,40 01 00 00 00 00 00 00
9.060000,0x101,00 00 00 00 00 00 00 00
9.060000,0x102,01 40 21 00 00 00 00 00
9.060000,0x200,85 28 0A 00 00 00 00 00
9.080000,0x100,40 01 00 00 00 00 00 00
9.080000,0x101,00 00 00 00 00 00 00 00
9.080000,0x102,01 40 21 00 00 00 00 00
9.080000,0x200,85 28 0A 00 00 00 00 00
9.100000,0x100,40 01 00 00 00 00 00 00
9.100000,0x101,00 00 00 00 00 00 00 00
9.100000,0x102,01 40 21 00 00 00 00 00
9.100000,0x200,85 28 0A 00 00 00 00 00
9.120000,0x100,40 01 00 00 00 00 00 00
9.120000,0x101,00 00 00 00 00 00 00 00
9.120000,0x102,01 40 21 00 00 00 00 00
9.120000,0x200,85 28 0A 00 00 00 00 00
9.140000,0x100,40 01 00 00 00 00 00 00
9.140000,0x101,00 00 00 00 00 00 00 00
9.140000,0x102,01 40 21 00 00 00 00 00
9.140000,0x200,85 28 0A 00 00 00 00 00
9.160000,0x100,40 01 00 00 00 00 00 00
9.160000,0x101,00 00 00 00 00 00 00 00
9.160000,0x102,01 40 21 00 00 00 00 00
9.160000,0x200,85 28 0A 00 00 00 00 00
9.180000,0x100,40 01 00 00 00 00 00 00
9.180000,0x101,00 00 00 00 00 00 00 00
9.180000,0x102,01 40 21 00 00 00 00 00
9.180000,0x200,85 28 0A 00 00 00 00 00
9.200000,0x100,40 01 00 00 00 00 00 00
9.200000,0x101,00 00 00 00 00 00 00 00
9.200000,0x102,01 40 21 00 00 00 00 00
9.200000,0x200,85 28 0A 00 00 00 00 00
9.220000,0x100,40 01 00 00 00 00 00 00
9.220000,0x101,00 00 00 00 00 00 00 00
9.220000,0x102,01 40 21 00 00 00 00 00
9.220000,0x200,85 28 0A 00 00 00 00 00
9.240000,0x100,40 01 00 00 00 00 00 00
9.240000,0x101,00 00 00 00 00 00 00 00
9.240000,0x102,01 40 21 00 00 00 00 00
9.240000,0x200,85 28 0A 00 00 00 00 00
9.260000,0x100,40 01 00 00 00 00 00 00
9.260000,0x101,00 00 00 00 00 00 00 00
9.260000,0x102,01 40 21 00 00 00 00 00
9.260000,0x200,85 28 0A 00 00 00 00 00
9.280000,0x100,40 01 00 00 00 00 00 00
9.280000,0x101,00 00 00 00 00 00 00 00
9.280000,0x102,01 40 21 00 00 00 00 00
9.280000,0x200,86 28 0A 00 00 00 00 00
9.300000,0x100,40 01 00 00 00 00 00 00
9.300000,0x101,00 00 00 00 00 00 00 00
9.300000,0x102,01 40 21 00 00 00 00 00
9.300000,0x200,86 28 0A 00 00 00 00 00
9.320000,0x100,40 01 00 00 00 00 00 00
9.320000,0x101,00 00 00 00 00 00 00 00
9.320000,0x102,01 40 21 00 00 00 00 00
9.320000,0x200,86 28 0A 00 00 00 00 00
9.340000,0x100,40 01 00 00 00 00 00 00
9.340000,0x101,00 00 00 00 00 00 00 00
9.340000,0x102,01 40 21 00 00 00 00 00
9.340000,0x200,86 28 0A 00 00 00 00 00
9.360000,0x100,40 01 00 00 00 00 00 00
9.360000,0x101,00 00 00 00 00 00 00 00
9.360000,0x102,01 40 21 00 00 00 00 00
9.360000,0x200,86 28 0A 00 00 00 00 00
9.380000,0x100,40 01 00 00 00 00 00 00
9.380000,0x101,00 00 00 00 00 00 00 00
9.380000,0x102,01 40 21 00 00 00 00 00
9.380000,0x200,86 28 0A 00 00 00 00 00
9.400000,0x100,40 01 00 00 00 00 00 00
9.400000,0x101,00 00 00 00 00 00 00 00
9.400000,0x102,01 40 21 00 00 00 00 00
9.400000,0x200,86 28 0A 00 00 00 00 00
9.420000,0x100,40 01 00 00 00 00 00 00
9.420000,0x101,00 00 00 00 00 00 00 00
9.420000,0x102,01 40 21 00 00 00 00 00
9.420000,0x200,86 28 0A 00 00 00 00 00
9.440000,0x100,40 01 00 00 00 00 00 00
9.440000,0x101,00 00 00 00 00 00 00 00
9.440000,0x102,01 40 21 00 00 00 00 00
9.440000,0x200,86 28 0A 00 00 00 00 00
9.460000,0x100,40 01 00 00 00 00 00 00
9.460000,0x101,00 00 00 00 00 00 00 00
9.460000,0x102,01 40 21 00 00 00 00 00
9.460000,0x200,86 28 0A 00 00 00 00 00
9.480000,0x100,40 01 00 00 00 00 00 00
9.480000,0x101,00 00 00 00 00 00 00 00
9.480000,0x102,01 40 21 00 00 00 00 00
9.480000,0x200,86 28 0A 00 00 00 00 00
9.500000,0x100,40 01 00 00 00 00 00 00
9.500000,0x101,00 00 00 00 00 00 00 00
9.500000,0x102,01 40 21 00 00 00 00 00
9.500000,0x200,86 28 0A 00 00 00 00 00
9.520000,0x100,40 01 00 00 00 00 00 00
9.520000,0x101,00 00 00 00 00 00 00 00
9.520000,0x102,01 40 21 00 00 00 00 00
9.520000,0x200,86 28 0A 00 00 00 00 00
9.540000,0x100,40 01 00 00 00 00 00 00
9.540000,0x101,00 00 00 00 00 00 00 00
9.540000,0x102,01 40 21 00 00 00 00 00
9.540000,0x200,86 28 0A 00 00 00 00 00
9.560000,0x100,40 01 00 00 00 00 00 00
9.560000,0x101,00 00 00 00 00 00 00 00
9.560000,0x102,01 40 21 00 00 00 00 00
9.560000,0x200,87 28 0A 00 00 00 00 00
9.580000,0x100,40 01 00 00 00 00 00 00
9.580000,0x101,00 00 00 00 00 00 00 00
9.580000,0x102,01 40 21 00 00 00 00 00
9.580000,0x200,87 28 0A 00 00 00 00 00
9.600000,0x100,40 01 00 00 00 00 00 00
9.600000,0x101,00 00 00 00 00 00 00 00
9.600000,0x102,01 40 21 00 00 00 00 00
9.600000,0x200,87 28 0A 00 00 00 00 00
9.620000,0x100,40 01 00 00 00 00 00 00
9.620000,0x101,00 00 00 00 00 00 00 00
9.620000,0x102,01 40 21 00 00 00 00 00
9.620000,0x200,87 28 0A 00 00 00 00 00
9.640000,0x100,40 01 00 00 00 00 00 00
9.640000,0x101,00 00 00 00 00 00 00 00
9.640000,0x102,01 40 21 00 00 00 00 00
9.640000,0x200,87 28 0A 00 00 00 00 00
9.660000,0x100,40 01 00 00 00 00 00 00
9.660000,0x101,00 00 00 00 00 00 00 00
9.660000,0x102,01 40 21 00 00 00 00 00
9.660000,0x200,87 28 0A 00 00 00 00 00
9.680000,0x100,40 01 00 00 00 00 00 00
9.680000,0x101,00 00 00 00 00 00 00 00
9.680000,0x102,01 40 21 00 00 00 00 00
9.680000,0x200,87 28 0A 00 00 00 00 00
9.700000,0x100,40 01 00 00 00 00 00 00
9.700000,0x101,00 00 00 00 00 00 00 00
9.700000,0x102,01 40 21 00 00 00 00 00
9.700000,0x200,87 28 0A 00 00 00 00 00
9.720000,0x100,40 01 00 00 00 00 00 00
9.720000,0x101,00 00 00 00 00 00 00 00
9.720000,0x102,01 40 21 00 00 00 00 00
9.720000,0x200,87 28 0A 00 00 00 00 00
9.740000,0x100,40 01 00 00 00 00 00 00
9.740000,0x101,00 00 00 00 00 00 00 00
9.740000,0x102,01 40 21 00 00 00 00 00
9.740000,0x200,87 28 0A 00 00 00 00 00
9.760000,0x100,40 01 00 00 00 00 00 00
9.760000,0x101,00 00 00 00 00 00 00 00
9.760000,0x102,01 40 21 00 00 00 00 00
9.760000,0x200,87 28 0A 00 00 00 00 00
9.780000,0x100,40 01 00 00 00 00 00 00
9.780000,0x101,00 00 00 00 00 00 00 00
9.780000,0x102,01 40 21 00 00 00 00 00
9.780000,0x200,87 28 0A 00 00 00 00 00
9.800000,0x100,40 01 00 00 00 00 00 00
9.800000,0x101,00 00 00 00 00 00 00 00
9.800000,0x102,01 40 21 00 00 00 00 00
9.800000,0x200,87 28 0A 00 00 00 00 00
9.820000,0x100,40 01 00 00 00 00 00 00
9.820000,0x101,00 00 00 00 00 00 00 00
9.820000,0x102,01 40 21 00 00 00 00 00
9.820000,0x200,87 28 0A 00 00 00 00 00
9.840000,0x100,40 01 00 00 00 00 00 00
9.840000,0x101,00 00 00 00 00 00 00 00
9.840000,0x102,01 40 21 00 00 00 00 00
9.840000,0x200,88 28 0A 00 00 00 00 00
9.860000,0x100,40 01 00 00 00 00 00 00
9.860000,0x101,00 00 00 00 00 00 00 00
9.860000,0x102,01 40 21 00 00 00 00 00
9.860000,0x200,88 28 0A 00 00 00 00 00
9.880000,0x100,40 01 00 00 00 00 00 00
9.880000,0x101,00 00 00 00 00 00 00 00
9.880000,0x102,01 40 21 00 00 00 00 00
9.880000,0x200,88 28 0A 00 00 00 00 00
9.900000,0x100,40 01 00 00 00 00 00 00
9.900000,0x101,00 00 00 00 00 00 00 00
9.900000,0x102,01 40 21 00 00 00 00 00
9.900000,0x200,88 28 0A 00 00 00 00 00
9.920000,0x100,40 01 00 00 00 00 00 00
9.920000,0x101,00 00 00 00 00 00 00 00
9.920000,0x102,01 40 21 00 00 00 00 00
9.920000,0x200,88 28 0A 00 00 00 00 00
9.940000,0x100,40 01 00 00 00 00 00 00
9.940000,0x101,00 00 00 00 00 00 00 00
9.940000,0x102,01 40 21 00 00 00 00 00
9.940000,0x200,88 28 0A 00 00 00 00 00
9.960000,0x100,40 01 00 00 00 00 00 00
9.960000,0x101,00 00 00 00 00 00 00 00
9.960000,0x102,01 40 21 00 00 00 00 00
9.960000,0x200,88 28 0A 00 00 00 00 00
9.980000,0x100,40 01 00 00 00 00 00 00
9.980000,0x101,00 00 00 00 00 00 00 00
9.980000,0x102,01 40 21 00 00 00 00 00
9.980000,0x200,88 28 0A 00 00 00 00 00
10.000000,0x100,40 01 00 00 00 00 00 00
10.000000,0x101,00 00 00 00 00 00 00 00
10.000000,0x102,01 40 21 00 00 00 00 00
10.000000,0x200,88 28 0A 00 00 00 00 00
10.020000,0x100,40 01 00 00 00 00 00 00
10.020000,0x101,00 00 00 00 00 00 00 00
10.020000,0x102,01 40 21 00 00 00 00 00
10.020000,0x200,88 28 0A 00 00 00 00 00
10.040000,0x100,40 01 00 00 00 00 00 00
10.040000,0x101,00 00 00 00 00 00 00 00
10.040000,0x102,01 40 21 00 00 00 00 00
10.040000,0x200,88 28 0A 00 00 00 00 00
10.060000,0x100,40 01 00 00 00 00 00 00
10.060000,0x101,00 00 00 00 00 00 00 00
10.060000,0x102,01 40 21 00 00 00 00 00
10.060000,0x200,88 28 0A 00 00 00 00 00
10.080000,0x100,40 01 00 00 00 00 00 00
10.080000,0x101,00 00 00 00 00 00 00 00
10.080000,0x102,01 40 21 00 00 00 00 00
10.080000,0x200,88 28 0A 00 00 00 00 00
10.100000,0x100,40 01 00 00 00 00 00 00
10.100000,0x101,00 00 00 00 00 00 00 00
10.100000,0x102,01 40 21 00 00 00 00 00
10.100000,0x200,88 28 0A 00 00 00 00 00
10.120000,0x100,40 01 00 00 00 00 00 00
10.120000,0x101,00 00 00 00 00 00 00 00
10.120000,0x102,01 40 21 00 00 00 00 00
10.120000,0x200,89 28 0A 00 00 00 00 00
10.140000,0x100,40 01 00 00 00 00 00 00
10.140000,0x101,00 00 00 00 00 00 00 00
10.140000,0x102,01 40 21 00 00 00 00 00
10.140000,0x200,89 28 0A 00 00 00 00 00
10.160000,0x100,40 01 00 00 00 00 00 00
10.160000,0x101,00 00 00 00 00 00 00 00
10.160000,0x102,01 40 21 00 00 00 00 00
10.160000,0x200,89 28 0A 00 00 00 00 00
10.180000,0x100,40 01 00 00 00 00 00 00
10.180000,0x101,00 00 00 00 00 00 00 00
10.180000,0x102,01 40 21 00 00 00 00 00
10.180000,0x200,89 28 0A 00 00 00 00 00
10.200000,0x100,40 01 00 00 00 00 00 00
10.200000,0x101,00 00 00 00 00 00 00 00
10.200000,0x102,01 40 21 00 00 00 00 00
10.200000,0x200,89 28 0A 00 00 00 00 00
10.220000,0x100,40 01 00 00 00 00 00 00
10.220000,0x101,00 00 00 00 00 00 00 00
10.220000,0x102,01 40 21 00 00 00 00 00
10.220000,0x200,89 28 0A 00 00 00 00 00
10.240000,0x100,40 01 00 00 00 00 00 00
10.240000,0x101,00 00 00 00 00 00 00 00
10.240000,0x102,01 40 21 00 00 00 00 00
10.240000,0x200,89 28 0A 00 00 00 00 00
10.260000,0x100,40 01 00 00 00 00 00 00
10.260000,0x101,00 00 00 00 00 00 00 00
10.260000,0x102,01 40 21 00 00 00 00 00
10.260000,0x200,89 28 0A 00 00 00 00 00
10.280000,0x100,40 01 00 00 00 00 00 00
10.280000,0x101,00 00 00 00 00 00 00 00
10.280000,0x102,01 40 21 00 00 00 00 00
10.280000,0x200,89 28 0A 00 00 00 00 00
10.300000,0x100,40 01 00 00 00 00 00 00
10.300000,0x101,00 00 00 00 00 00 00 00
10.300000,0x102,01 40 21 00 00 00 00 00
10.300000,0x200,89 28 0A 00 00 00 00 00
10.320000,0x100,40 01 00 00 00 00 00 00
10.320000,0x101,00 00 00 00 00 00 00 00
10.320000,0x102,01 40 21 00 00 00 00 00
10.320000,0x200,89 28 0A 00 00 00 00 00
10.340000,0x100,40 01 00 00 00 00 00 00
10.340000,0x101,00 00 00 00 00 00 00 00
10.340000,0x102,01 40 21 00 00 00 00 00
10.340000,0x200,89 28 0A 00 00 00 00 00
10.360000,0x100,40 01 00 00 00 00 00 00
10.360000,0x101,00 00 00 00 00 00 00 00
10.360000,0x102,01 40 21 00 00 00 00 00
10.360000,0x200,89 28 0A 00 00 00 00 00
10.380000,0x100,40 01 00 00 00 00 00 00
10.380000,0x101,00 00 00 00 00 00 00 00
10.380000,0x102,01 40 21 00 00 00 00 00
10.380000,0x200,89 28 0A 00 00 00 00 00
10.400000,0x100,40 01 00 00 00 00 00 00
10.400000,0x101,00 00 00 00 00 00 00 00
10.400000,0x102,01 40 21 00 00 00 00 00
10.400000,0x200,8A 28 0A 00 00 00 00 00
10.420000,0x100,40 01 00 00 00 00 00 00
10.420000,0x101,00 00 00 00 00 00 00 00
10.420000,0x102,01 40 21 00 00 00 00 00
10.420000,0x200,8A 28 0A 00 00 00 00 00
10.440000,0x100,40 01 00 00 00 00 00 00
10.440000,0x101,00 00 00 00 00 00 00 00
10.440000,0x102,01 40 21 00 00 00 00 00
10.440000,0x200,8A 28 0A 00 00 00 00 00
10.460000,0x100,40 01 00 00 00 00 00 00
10.460000,0x101,00 00 00 00 00 00 00 00
10.460000,0x102,01 40 21 00 00 00 00 00
10.460000,0x200,8A 28 0A 00 00 00 00 00
10.480000,0x100,40 01 00 00 00 00 00 00
10.480000,0x101,00 00 00 00 00 00 00 00
10.480000,0x102,01 40 21 00 00 00 00 00
10.480000,0x200,8A 28 0A 00 00 00 00 00
10.500000,0x100,40 01 00 00 00 00 00 00
10.500000,0x101,00 00 00 00 00 00 00 00
10.500000,0x102,01 40 21 00 00 00 00 00
10.500000,0x200,8A 28 0A 00 00 00 00 00
10.520000,0x100,40 01 00 00 00 00 00 00
10.520000,0x101,00 00 00 00 00 00 00 00
10.520000,0x102,01 40 21 00 00 00 00 00
10.520000,0x200,8A 28 0A 00 00 00 00 00
10.540000,0x100,40 01 00 00 00 00 00 00
10.540000,0x101,00 00 00 00 00 00 00 00
10.540000,0x102,01 40 21 00 00 00 00 00
10.540000,0x200,8A 28 0A 00 00 00 00 00
10.560000,0x100,40 01 00 00 00 00 00 00
10.560000,0x101,00 00 00 00 00 00 00 00
10.560000,0x102,01 40 21 00 00 00 00 00
10.560000,0x200,8A 28 0A 00 00 00 00 00
10.580000,0x100,40 01 00 00 00 00 00 00
10.580000,0x101,00 00 00 00 00 00 00 00
10.580000,0x102,01 40 21 00 00 00 00 00
10.580000,0x200,8A 28 0A 00 00 00 00 00
10.600000,0x100,40 01 00 00 00 00 00 00
10.600000,0x101,00 00 00 00 00 00 00 00
10.600000,0x102,01 40 21 00 00 00 00 00
10.600000,0x200,8A 28 0A 00 00 00 00 00
10.620000,0x100,40 01 00 00 00 00 00 00
10.620000,0x101,00 00 00 00 00 00 00 00
10.620000,0x102,01 40 21 00 00 00 00 00
10.620000,0x200,8A 28 0A 00 00 00 00 00
10.640000,0x100,40 01 00 00 00 00 00 00
10.640000,0x101,00 00 00 00 00 00 00 00
10.640000,0x102,01 40 21 00 00 00 00 00
10.640000,0x200,8A 28 0A 00 00 00 00 00
10.660000,0x100,40 01 00 00 00 00 00 00
10.660000,0x101,00 00 00 00 00 00 00 00
10.660000,0x102,01 40 21 00 00 00 00 00
10.660000,0x200,8A 28 0A 00 00 00 00 00
10.680000,0x100,40 01 00 00 00 00 00 00
10.680000,0x101,00 00 00 00 00 00 00 00
10.680000,0x102,01 40 21 00 00 00 00 00
10.680000,0x200,8B 28 0A 00 00 00 00 00
10.700000,0x100,40 01 00 00 00 00 00 00
10.700000,0x101,00 00 00 00 00 00 00 00
10.700000,0x102,01 40 21 00 00 00 00 00
10.700000,0x200,8B 28 0A 00 00 00 00 00
10.720000,0x100,40 01 00 00 00 00 00 00
10.720000,0x101,00 00 00 00 00 00 00 00
10.720000,0x102,01 40 21 00 00 00 00 00
10.720000,0x200,8B 28 0A 00 00 00 00 00
10.740000,0x100,40 01 00 00 00 00 00 00
10.740000,0x101,00 00 00 00 00 00 00 00
10.740000,0x102,01 40 21 00 00 00 00 00
10.740000,0x200,8B 28 0A 00 00 00 00 00
10.760000,0x100,40 01 00 00 00 00 00 00
10.760000,0x101,00 00 00 00 00 00 00 00
10.760000,0x102,01 40 21 00 00 00 00 00
10.760000,0x200,8B 28 0A 00 00 00 00 00
10.780000,0x100,40 01 00 00 00 00 00 00
10.780000,0x101,00 00 00 00 00 00 00 00
10.780000,0x102,01 40 21 00 00 00 00 00
10.780000,0x200,8B 28 0A 00 00 00 00 00
10.800000,0x100,40 01 00 00 00 00 00 00
10.800000,0x101,00 00 00 00 00 00 00 00
10.800000,0x102,01 40 21 00 00 00 00 00
10.800000,0x200,8B 28 0A 00 00 00 00 00
10.820000,0x100,40 01 00 00 00 00 00 00
10.820000,0x101,00 00 00 00 00 00 00 00
10.820000,0x102,01 40 21 00 00 00 00 00
10.820000,0x200,8B 28 0A 00 00 00 00 00
10.840000,0x100,40 01 00 00 00 00 00 00
10.840000,0x101,00 00 00 00 00 00 00 00
10.840000,0x102,01 40 21 00 00 00 00 00
10.840000,0x200,8B 28 0A 00 00 00 00 00
10.860000,0x100,40 01 00 00 00 00 00 00
10.860000,0x101,00 00 00 00 00 00 00 00
10.860000,0x102,01 40 21 00 00 00 00 00
10.860000,0x200,8B 28 0A 00 00 00 00 00
10.880000,0x100,40 01 00 00 00 00 00 00
10.880000,0x101,00 00 00 00 00 00 00 00
10.880000,0x102,01 40 21 00 00 00 00 00
10.880000,0x200,8B 28 0A 00 00 00 00 00
10.900000,0x100,40 01 00 00 00 00 00 00
10.900000,0x101,00 00 00 00 00 00 00 00
10.900000,0x102,01 40 21 00 00 00 00 00
10.900000,0x200,8B 28 0A 00 00 00 00 00
10.920000,0x100,40 01 00 00 00 00 00 00
10.920000,0x101,00 00 00 00 00 00 00 00
10.920000,0x102,01 40 21 00 00 00 00 00
10.920000,0x200,8B 28 0A 00 00 00 00 00
10.940000,0x100,40 01 00 00 00 00 00 00
10.940000,0x101,00 00 00 00 00 00 00 00
10.940000,0x102,01 40 21 00 00 00 00 00
10.940000,0x200,8C 28 0A 00 00 00 00 00
10.960000,0x100,40 01 00 00 00 00 00 00
10.960000,0x101,00 00 00 00 00 00 00 00
10.960000,0x102,01 40 21 00 00 00 00 00
10.960000,0x200,8C 28 0A 00 00 00 00 00
10.980000,0x100,40 01 00 00 00 00 00 00
10.980000,0x101,00 00 00 00 00 00 00 00
10.980000,0x102,01 40 21 00 00 00 00 00
10.980000,0x200,8C 28 0A 00 00 00 00 00
11.000000,0x100,40 01 00 00 00 00 00 00
11.000000,0x101,00 00 00 00 00 00 00 00
11.000000,0x102,01 40 21 00 00 00 00 00
11.000000,0x200,8C 28 0A 00 00 00 00 00
11.020000,0x100,40 01 00 00 00 00 00 00
11.020000,0x101,00 00 00 00 00 00 00 00
11.020000,0x102,01 40 21 00 00 00 00 00
11.020000,0x200,8C 28 0A 00 00 00 00 00
11.040000,0x100,40 01 00 00 00 00 00 00
11.040000,0x101,00 00 00 00 00 00 00 00
11.040000,0x102,01 40 21 00 00 00 00 00
11.040000,0x200,8C 28 0A 00 00 00 00 00
11.060000,0x100,40 01 00 00 00 00 00 00
11.060000,0x101,00 00 00 00 00 00 00 00
11.060000,0x102,01 40 21 00 00 00 00 00
11.060000,0x200,8C 28 0A 00 00 00 00 00
11.080000,0x100,40 01 00 00 00 00 00 00
11.080000,0x101,00 00 00 00 00 00 00 00
11.080000,0x102,01 40 21 00 00 00 00 00
11.080000,0x200,8C 28 0A 00 00 00 00 00
11.100000,0x100,40 01 00 00 00 00 00 00
11.100000,0x101,00 00 00 00 00 00 00 00
11.100000,0x102,01 40 21 00 00 00 00 00
11.100000,0x200,8C 28 0A 00 00 00 00 00
11.120000,0x100,40 01 00 00 00 00 00 00
11.120000,0x101,00 00 00 00 00 00 00 00
11.120000,0x102,01 40 21 00 00 00 00 00
11.120000,0x200,8C 28 0A 00 00 00 00 00
11.140000,0x100,40 01 00 00 00 00 00 00
11.140000,0x101,00 00 00 00 00 00 00 00
11.140000,0x102,01 40 21 00 00 00 00 00
11.140000,0x200,8C 28 0A 00 00 00 00 00
11.160000,0x100,40 01 00 00 00 00 00 00
11.160000,0x101,00 00 00 00 00 00 00 00
11.160000,0x102,01 40 21 00 00 00 00 00
11.160000,0x200,8C 28 0A 00 00 00 00 00
11.180000,0x100,40 01 00 00 00 00 00 00
11.180000,0x101,00 00 00 00 00 00 00 00
11.180000,0x102,01 40 21 00 00 00 00 00
11.180000,0x200,8C 28 0A 00 00 00 00 00
11.200000,0x100,40 01 00 00 00 00 00 00
11.200000,0x101,00 00 00 00 00 00 00 00
11.200000,0x102,01 40 21 00 00 00 00 00
11.200000,0x200,8C 28 0A 00 00 00 00 00
11.220000,0x100,40 01 00 00 00 00 00 00
11.220000,0x101,00 00 00 00 00 00 00 00
11.220000,0x102,01 40 21 00 00 00 00 00
11.220000,0x200,8D 28 0A 00 00 00 00 00
11.240000,0x100,40 01 00 00 00 00 00 00
11.240000,0x101,00 00 00 00 00 00 00 00
11.240000,0x102,01 40 21 00 00 00 00 00
11.240000,0x200,8D 28 0A 00 00 00 00 00
11.260000,0x100,40 01 00 00 00 00 00 00
11.260000,0x101,00 00 00 00 00 00 00 00
11.260000,0x102,01 40 21 00 00 00 00 00
11.260000,0x200,8D 28 0A 00 00 00 00 00
11.280000,0x100,40 01 00 00 00 00 00 00
11.280000,0x101,00 00 00 00 00 00 00 00
11.280000,0x102,01 40 21 00 00 00 00 00
11.280000,0x200,8D 28 0A 00 00 00 00 00
11.300000,0x100,40 01 00 00 00 00 00 00
11.300000,0x101,00 00 00 00 00 00 00 00
11.300000,0x102,01 40 21 00 00 00 00 00
11.300000,0x200,8D 28 0A 00 00 00 00 00
11.320000,0x100,40 01 00 00 00 00 00 00
11.320000,0x101,00 00 00 00 00 00 00 00
11.320000,0x102,01 40 21 00 00 00 00 00
11.320000,0x200,8D 28 0A 00 00 00 00 00
11.340000,0x100,40 01 00 00 00 00 00 00
11.340000,0x101,00 00 00 00 00 00 00 00
11.340000,0x102,01 40 21 00 00 00 00 00
11.340000,0x200,8D 28 0A 00 00 00 00 00
11.360000,0x100,40 01 00 00 00 00 00 00
11.360000,0x101,00 00 00 00 00 00 00 00
11.360000,0x102,01 40 21 00 00 00 00 00
11.360000,0x200,8D 28 0A 00 00 00 00 00
11.380000,0x100,40 01 00 00 00 00 00 00
11.380000,0x101,00 00 00 00 00 00 00 00
11.380000,0x102,01 40 21 00 00 00 00 00
11.380000,0x200,8D 28 0A 00 00 00 00 00
11.400000,0x100,40 01 00 00 00 00 00 00
11.400000,0x101,00 00 00 00 00 00 00 00
11.400000,0x102,01 40 21 00 00 00 00 00
11.400000,0x200,8D 28 0A 00 00 00 00 00
11.420000,0x100,40 01 00 00 00 00 00 00
11.420000,0x101,00 00 00 00 00 00 00 00
11.420000,0x102,01 40 21 00 00 00 00 00
11.420000,0x200,8D 28 0A 00 00 00 00 00
11.440000,0x100,40 01 00 00 00 00 00 00
11.440000,0x101,00 00 00 00 00 00 00 00
11.440000,0x102,01 40 21 00 00 00 00 00
11.440000,0x200,8D 28 0A 00 00 00 00 00
11.460000,0x100,40 01 00 00 00 00 00 00
11.460000,0x101,00 00 00 00 00 00 00 00
11.460000,0x102,01 40 21 00 00 00 00 00
11.460000,0x200,8D 28 0A 00 00 00 00 00
11.480000,0x100,40 01 00 00 00 00 00 00
11.480000,0x101,00 00 00 00 00 00 00 00
11.480000,0x102,01 40 21 00 00 00 00 00
11.480000,0x200,8D 28 0A 00 00 00 00 00
11.500000,0x100,40 01 00 00 00 00 00 00
11.500000,0x101,00 00 00 00 00 00 00 00
11.500000,0x102,01 40 21 00 00 00 00 00
11.500000,0x200,8E 28 0A 00 00 00 00 00
11.520000,0x100,40 01 00 00 00 00 00 00
11.520000,0x101,00 00 00 00 00 00 00 00
11.520000,0x102,01 40 21 00 00 00 00 00
11.520000,0x200,8E 28 0A 00 00 00 00 00
11.540000,0x100,40 01 00 00 00 00 00 00
11.540000,0x101,00 00 00 00 00 00 00 00
11.540000,0x102,01 40 21 00 00 00 00 00
11.540000,0x200,8E 28 0A 00 00 00 00 00
11.560000,0x100,40 01 00 00 00 00 00 00
11.560000,0x101,00 00 00 00 00 00 00 00
11.560000,0x102,01 40 21 00 00 00 00 00
11.560000,0x200,8E 28 0A 00 00 00 00 00
11.580000,0x100,40 01 00 00 00 00 00 00
11.580000,0x101,00 00 00 00 00 00 00 00
11.580000,0x102,01 40 21 00 00 00 00 00
11.580000,0x200,8E 28 0A 00 00 00 00 00
11.600000,0x100,40 01 00 00 00 00 00 00
11.600000,0x101,00 00 00 00 00 00 00 00
11.600000,0x102,01 40 21 00 00 00 00 00
11.600000,0x200,8E 28 0A 00 00 00 00 00
11.620000,0x100,40 01 00 00 00 00 00 00
11.620000,0x101,00 00 00 00 00 00 00 00
11.620000,0x102,01 40 21 00 00 00 00 00
11.620000,0x200,8E 28 0A 00 00 00 00 00
11.640000,0x100,40 01 00 00 00 00 00 00
11.640000,0x101,00 00 00 00 00 00 00 00
11.640000,0x102,01 40 21 00 00 00 00 00
11.640000,0x200,8E 28 0A 00 00 00 00 00
11.660000,0x100,40 01 00 00 00 00 00 00
11.660000,0x101,00 00 00 00 00 00 00 00
11.660000,0x102,01 40 21 00 00 00 00 00
11.660000,0x200,8E 28 0A 00 00 00 00 00
11.680000,0x100,40 01 00 00 00 00 00 00
11.680000,0x101,00 00 00 00 00 00 00 00
11.680000,0x102,01 40 21 00 00 00 00 00
11.680000,0x200,8E 28 0A 00 00 00 00 00
11.700000,0x100,40 01 00 00 00 00 00 00
11.700000,0x101,00 00 00 00 00 00 00 00
11.700000,0x102,01 40 21 00 00 00 00 00
11.700000,0x200,8E 28 0A 00 00 00 00 00
11.720000,0x100,40 01 00 00 00 00 00 00
11.720000,0x101,00 00 00 00 00 00 00 00
11.720000,0x102,01 40 21 00 00 00 00 00
11.720000,0x200,8E 28 0A 00 00 00 00 00
11.740000,0x100,40 01 00 00 00 00 00 00
11.740000,0x101,00 00 00 00 00 00 00 00
11.740000,0x102,01 40 21 00 00 00 00 00
11.740000,0x200,8E 28 0A 00 00 00 00 00
11.760000,0x100,40 01 00 00 00 00 00 00
11.760000,0x101,00 00 00 00 00 00 00 00
11.760000,0x102,01 40 21 00 00 00 00 00
11.760000,0x200,8E 28 0A 00 00 00 00 00
11.780000,0x100,40 01 00 00 00 00 00 00
11.780000,0x101,00 00 00 00 00 00 00 00
11.780000,0x102,01 40 21 00 00 00 00 00
11.780000,0x200,8F 28 0A 00 00 00 00 00
11.800000,0x100,40 01 00 00 00 00 00 00
11.800000,0x101,00 00 00 00 00 00 00 00
11.800000,0x102,01 40 21 00 00 00 00 00
11.800000,0x200,8F 28 0A 00 00 00 00 00
11.820000,0x100,40 01 00 00 00 00 00 00
11.820000,0x101,00 00 00 00 00 00 00 00
11.820000,0x102,01 40 21 00 00 00 00 00
11.820000,0x200,8F 28 0A 00 00 00 00 00
11.840000,0x100,40 01 00 00 00 00 00 00
11.840000,0x101,00 00 00 00 00 00 00 00
11.840000,0x102,01 40 21 00 00 00 00 00
11.840000,0x200,8F 28 0A 00 00 00 00 00
11.860000,0x100,40 01 00 00 00 00 00 00
11.860000,0x101,00 00 00 00 00 00 00 00
11.860000,0x102,01 40 21 00 00 00 00 00
11.860000,0x200,8F 28 0A 00 00 00 00 00
11.880000,0x100,40 01 00 00 00 00 00 00
11.880000,0x101,00 00 00 00 00 00 00 00
11.880000,0x102,01 40 21 00 00 00 00 00
11.880000,0x200,8F 28 0A 00 00 00 00 00
11.900000,0x100,40 01 00 00 00 00 00 00
11.900000,0x101,00 00 00 00 00 00 00 00
11.900000,0x102,01 40 21 00 00 00 00 00
11.900000,0x200,8F 28 0A 00 00 00 00 00
11.920000,0x100,40 01 00 00 00 00 00 00
11.920000,0x101,00 00 00 00 00 00 00 00
11.920000,0x102,01 40 21 00 00 00 00 00
11.920000,0x200,8F 28 0A 00 00 00 00 00
11.940000,0x100,40 01 00 00 00 00 00 00
11.940000,0x101,00 00 00 00 00 00 00 00
11.940000,0x102,01 40 21 00 00 00 00 00
11.940000,0x200,8F 28 0A 00 00 00 00 00
11.960000,0x100,40 01 00 00 00 00 00 00
11.960000,0x101,00 00 00 00 00 00 00 00
11.960000,0x102,01 40 21 00 00 00 00 00
11.960000,0x200,8F 28 0A 00 00 00 00 00
11.980000,0x100,40 01 00 00 00 00 00 00
11.980000,0x101,00 00 00 00 00 00 00 00
11.980000,0x102,01 40 21 00 00 00 00 00
11.980000,0x200,8F 28 0A 00 00 00 00 00
12.000000,0x100,40 01 00 00 00 00 00 00
12.000000,0x101,00 00 00 00 00 00 00 00
12.000000,0x102,01 40 21 00 00 00 00 00
12.000000,0x200,8F 28 0A 00 00 00 00 00
12.020000,0x100,40 01 00 00 00 00 00 00
12.020000,0x101,00 00 00 00 00 00 00 00
12.020000,0x102,01 40 21 00 00 00 00 00
12.020000,0x200,8F 28 0A 00 00 00 00 00
12.040000,0x100,40 01 00 00 00 00 00 00
12.040000,0x101,00 00 00 00 00 00 00 00
12.040000,0x102,01 40 21 00 00 00 00 00
12.040000,0x200,8F 28 0A 00 00 00 00 00
12.060000,0x100,40 01 00 00 00 00 00 00
12.060000,0x101,00 00 00 00 00 00 00 00
12.060000,0x102,01 40 21 00 00 00 00 00
12.060000,0x200,90 28 0A 00 00 00 00 00
12.080000,0x100,40 01 00 00 00 00 00 00
12.080000,0x101,00 00 00 00 00 00 00 00
12.080000,0x102,01 40 21 00 00 00 00 00
12.080000,0x200,90 28 0A 00 00 00 00 00
12.100000,0x100,40 01 00 00 00 00 00 00
12.100000,0x101,00 00 00 00 00 00 00 00
12.100000,0x102,01 40 21 00 00 00 00 00
12.100000,0x200,90 28 0A 00 00 00 00 00
12.120000,0x100,40 01 00 00 00 00 00 00
12.120000,0x101,00 00 00 00 00 00 00 00
12.120000,0x102,01 40 21 00 00 00 00 00
12.120000,0x200,90 28 0A 00 00 00 00 00
12.140000,0x100,40 01 00 00 00 00 00 00
12.140000,0x101,00 00 00 00 00 00 00 00
12.140000,0x102,01 40 21 00 00 00 00 00
12.140000,0x200,90 28 0A 00 00 00 00 00
12.160000,0x100,40 01 00 00 00 00 00 00
12.160000,0x101,00 00 00 00 00 00 00 00
12.160000,0x102,01 40 21 00 00 00 00 00
12.160000,0x200,90 28 0A 00 00 00 00 00
12.180000,0x100,40 01 00 00 00 00 00 00
12.180000,0x101,00 00 00 00 00 00 00 00
12.180000,0x102,01 40 21 00 00 00 00 00
12.180000,0x200,90 28 0A 00 00 00 00 00
12.200000,0x100,40 01 00 00 00 00 00 00
12.200000,0x101,00 00 00 00 00 00 00 00
12.200000,0x102,01 40 21 00 00 00 00 00
12.200000,0x200,90 28 0A 00 00 00 00 00
12.220000,0x100,40 01 00 00 00 00 00 00
12.220000,0x101,00 00 00 00 00 00 00 00
12.220000,0x102,01 40 21 00 00 00 00 00
12.220000,0x200,90 28 0A 00 00 00 00 00
12.240000,0x100,40 01 00 00 00 00 00 00
12.240000,0x101,00 00 00 00 00 00 00 00
12.240000,0x102,01 40 21 00 00 00 00 00
12.240000,0x200,90 28 0A 00 00 00 00 00
12.260000,0x100,40 01 00 00 00 00 00 00
12.260000,0x101,00 00 00 00 00 00 00 00
12.260000,0x102,01 40 21 00 00 00 00 00
12.260000,0x200,90 28 0A 00 00 00 00 00
12.280000,0x100,40 01 00 00 00 00 00 00
12.280000,0x101,00 00 00 00 00 00 00 00
12.280000,0x102,01 40 21 00 00 00 00 00
12.280000,0x200,90 28 0A 00 00 00 00 00
12.300000,0x100,40 01 00 00 00 00 00 00
12.300000,0x101,00 00 00 00 00 00 00 00
12.300000,0x102,01 40 21 00 00 00 00 00
12.300000,0x200,90 28 0A 00 00 00 00 00
12.320000,0x100,40 01 00 00 00 00 00 00
12.320000,0x101,00 00 00 00 00 00 00 00
12.320000,0x102,01 40 21 00 00 00 00 00
12.320000,0x200,90 28 0A 00 00 00 00 00
12.340000,0x100,40 01 00 00 00 00 00 00
12.340000,0x101,00 00 00 00 00 00 00 00
12.340000,0x102,01 40 21 00 00 00 00 00
12.340000,0x200,91 28 0A 00 00 00 00 00
12.360000,0x100,40 01 00 00 00 00 00 00
12.360000,0x101,00 00 00 00 00 00 00 00
12.360000,0x102,01 40 21 00 00 00 00 00
12.360000,0x200,91 28 0A 00 00 00 00 00
12.380000,0x100,40 01 00 00 00 00 00 00
12.380000,0x101,00 00 00 00 00 00 00 00
12.380000,0x102,01 40 21 00 00 00 00 00
12.380000,0x200,91 28 0A 00 00 00 00 00
12.400000,0x100,40 01 00 00 00 00 00 00
12.400000,0x101,00 00 00 00 00 00 00 00
12.400000,0x102,01 40 21 00 00 00 00 00
12.400000,0x200,91 28 0A 00 00 00 00 00
12.420000,0x100,40 01 00 00 00 00 00 00
12.420000,0x101,00 00 00 00 00 00 00 00
12.420000,0x102,01 40 21 00 00 00 00 00
12.420000,0x200,91 28 0A 00 00 00 00 00
12.440000,0x100,40 01 00 00 00 00 00 00
12.440000,0x101,00 00 00 00 00 00 00 00
12.440000,0x102,01 40 21 00 00 00 00 00
12.440000,0x200,91 28 0A 00 00 00 00 00
12.460000,0x100,40 01 00 00 00 00 00 00
12.460000,0x101,00 00 00 00 00 00 00 00
12.460000,0x102,01 40 21 00 00 00 00 00
12.460000,0x200,91 28 0A 00 00 00 00 00
12.480000,0x100,40 01 00 00 00 00 00 00
12.480000,0x101,00 00 00 00 00 00 00 00
12.480000,0x102,01 40 21 00 00 00 00 00
12.480000,0x200,91 28 0A 00 00 00 00 00
12.500000,0x100,40 01 00 00 00 00 00 00
12.500000,0x101,00 00 00 00 00 00 00 00
12.500000,0x102,01 40 21 00 00 00 00 00
12.500000,0x200,91 28 0A 00 00 00 00 00
12.520000,0x100,40 01 00 00 00 00 00 00
12.520000,0x101,00 00 00 00 00 00 00 00
12.520000,0x102,01 40 21 00 00 00 00 00
12.520000,0x200,91 28 0A 00 00 00 00 00
12.540000,0x100,40 01 00 00 00 00 00 00
12.540000,0x101,00 00 00 00 00 00 00 00
12.540000,0x102,01 40 21 00 00 00 00 00
12.540000,0x200,91 28 0A 00 00 00 00 00
12.560000,0x100,40 01 00 00 00 00 00 00
12.560000,0x101,00 00 00 00 00 00 00 00
12.560000,0x102,01 40 21 00 00 00 00 00
12.560000,0x200,91 28 0A 00 00 00 00 00
12.580000,0x100,40 01 00 00 00 00 00 00
12.580000,0x101,00 00 00 00 00 00 00 00
12.580000,0x102,01 40 21 00 00 00 00 00
12.580000,0x200,91 28 0A 00 00 00 00 00
12.600000,0x100,40 01 00 00 00 00 00 00
12.600000,0x101,00 00 00 00 00 00 00 00
12.600000,0x102,01 40 21 00 00 00 00 00
12.600000,0x200,92 28 0A 00 00 00 00 00
12.620000,0x100,40 01 00 00 00 00 00 00
12.620000,0x101,00 00 00 00 00 00 00 00
12.620000,0x102,01 40 21 00 00 00 00 00
12.620000,0x200,92 28 0A 00 00 00 00 00
12.640000,0x100,40 01 00 00 00 00 00 00
12.640000,0x101,00 00 00 00 00 00 00 00
12.640000,0x102,01 40 21 00 00 00 00 00
12.640000,0x200,92 28 0A 00 00 00 00 00
12.660000,0x100,40 01 00 00 00 00 00 00
12.660000,0x101,00 00 00 00 00 00 00 00
12.660000,0x102,01 40 21 00 00 00 00 00
12.660000,0x200,92 28 0A 00 00 00 00 00
12.680000,0x100,40 01 00 00 00 00 00 00
12.680000,0x101,00 00 00 00 00 00 00 00
12.680000,0x102,01 40 21 00 00 00 00 00
12.680000,0x200,92 28 0A 00 00 00 00 00
12.700000,0x100,40 01 00 00 00 00 00 00
12.700000,0x101,00 00 00 00 00 00 00 00
12.700000,0x102,01 40 21 00 00 00 00 00
12.700000,0x200,92 28 0A 00 00 00 00 00
12.720000,0x100,40 01 00 00 00 00 00 00
12.720000,0x101,00 00 00 00 00 00 00 00
12.720000,0x102,01 40 21 00 00 00 00 00
12.720000,0x200,92 28 0A 00 00 00 00 00
12.740000,0x100,40 01 00 00 00 00 00 00
12.740000,0x101,00 00 00 00 00 00 00 00
12.740000,0x102,01 40 21 00 00 00 00 00
12.740000,0x200,92 28 0A 00 00 00 00 00
12.760000,0x100,40 01 00 00 00 00 00 00
12.760000,0x101,00 00 00 00 00 00 00 00
12.760000,0x102,01 40 21 00 00 00 00 00
12.760000,0x200,92 28 0A 00 00 00 00 00
12.780000,0x100,40 01 00 00 00 00 00 00
12.780000,0x101,00 00 00 00 00 00 00 00
12.780000,0x102,01 40 21 00 00 00 00 00
12.780000,0x200,92 28 0A 00 00 00 00 00
12.800000,0x100,40 01 00 00 00 00 00 00
12.800000,0x101,00 00 00 00 00 00 00 00
12.800000,0x102,01 40 21 00 00 00 00 00
12.800000,0x200,92 28 0A 00 00 00 00 00
12.820000,0x100,40 01 00 00 00 00 00 00
12.820000,0x101,00 00 00 00 00 00 00 00
12.820000,0x102,01 40 21 00 00 00 00 00
12.820000,0x200,92 28 0A 00 00 00 00 00
12.840000,0x100,40 01 00 00 00 00 00 00
12.840000,0x101,00 00 00 00 00 00 00 00
12.840000,0x102,01 40 21 00 00 00 00 00
12.840000,0x200,92 28 0A 00 00 00 00 00
12.860000,0x100,40 01 00 00 00 00 00 00
12.860000,0x101,00 00 00 00 00 00 00 00
12.860000,0x102,01 40 21 00 00 00 00 00
12.860000,0x200,92 28 0A 00 00 00 00 00
12.880000,0x100,40 01 00 00 00 00 00 00
12.880000,0x101,00 00 00 00 00 00 00 00
12.880000,0x102,01 40 21 00 00 00 00 00
12.880000,0x200,93 28 0A 00 00 00 00 00
12.900000,0x100,40 01 00 00 00 00 00 00
12.900000,0x101,00 00 00 00 00 00 00 00
12.900000,0x102,01 40 21 00 00 00 00 00
12.900000,0x200,93 28 0A 00 00 00 00 00
12.920000,0x100,40 01 00 00 00 00 00 00
12.920000,0x101,00 00 00 00 00 00 00 00
12.920000,0x102,01 40 21 00 00 00 00 00
12.920000,0x200,93 28 0A 00 00 00 00 00
12.940000,0x100,40 01 00 00 00 00 00 00
12.940000,0x101,00 00 00 00 00 00 00 00
12.940000,0x102,01 40 21 00 00 00 00 00
12.940000,0x200,93 28 0A 00 00 00 00 00
12.960000,0x100,40 01 00 00 00 00 00 00
12.960000,0x101,00 00 00 00 00 00 00 00
12.960000,0x102,01 40 21 00 00 00 00 00
12.960000,0x200,93 28 0A 00 00 00 00 00
12.980000,0x100,40 01 00 00 00 00 00 00
12.980000,0x101,00 00 00 00 00 00 00 00
12.980000,0x102,01 40 21 00 00 00 00 00
12.980000,0x200,93 28 0A 00 00 00 00 00
13.000000,0x100,40 01 00 00 00 00 00 00
13.000000,0x101,00 00 00 00 00 00 00 00
13.000000,0x102,01 40 21 00 00 00 00 00
13.000000,0x200,93 28 0A 00 00 00 00 00
13.020000,0x100,40 01 00 00 00 00 00 00
13.020000,0x101,00 00 00 00 00 00 00 00
13.020000,0x102,01 40 21 00 00 00 00 00
13.020000,0x200,93 28 0A 00 00 00 00 00
13.040000,0x100,40 01 00 00 00 00 00 00
13.040000,0x101,00 00 00 00 00 00 00 00
13.040000,0x102,01 40 21 00 00 00 00 00
13.040000,0x200,93 28 0A 00 00 00 00 00
13.060000,0x100,40 01 00 00 00 00 00 00
13.060000,0x101,00 00 00 00 00 00 00 00
13.060000,0x102,01 40 21 00 00 00 00 00
13.060000,0x200,93 28 0A 00 00 00 00 00
13.080000,0x100,40 01 00 00 00 00 00 00
13.080000,0x101,00 00 00 00 00 00 00 00
13.080000,0x102,01 40 21 00 00 00 00 00
13.080000,0x200,93 28 0A 00 00 00 00 00
13.100000,0x100,40 01 00 00 00 00 00 00
13.100000,0x101,00 00 00 00 00 00 00 00
13.100000,0x102,01 40 21 00 00 00 00 00
13.100000,0x200,93 28 0A 00 00 00 00 00
13.120000,0x100,40 01 00 00 00 00 00 00
13.120000,0x101,00 00 00 00 00 00 00 00
13.120000,0x102,01 40 21 00 00 00 00 00
13.120000,0x200,93 28 0A 00 00 00 00 00
13.140000,0x100,40 01 00 00 00 00 00 00
13.140000,0x101,00 00 00 00 00 00 00 00
13.140000,0x102,01 40 21 00 00 00 00 00
13.140000,0x200,93 28 0A 00 00 00 00 00
13.160000,0x100,40 01 00 00 00 00 00 00
13.160000,0x101,00 00 00 00 00 00 00 00
13.160000,0x102,01 40 21 00 00 00 00 00
13.160000,0x200,94 28 0A 00 00 00 00 00
13.180000,0x100,40 01 00 00 00 00 00 00
13.180000,0x101,00 00 00 00 00 00 00 00
13.180000,0x102,01 40 21 00 00 00 00 00
13.180000,0x200,94 28 0A 00 00 00 00 00
13.200000,0x100,40 01 00 00 00 00 00 00
13.200000,0x101,00 00 00 00 00 00 00 00
13.200000,0x102,01 40 21 00 00 00 00 00
13.200000,0x200,94 28 0A 00 00 00 00 00
13.220000,0x100,40 01 00 00 00 00 00 00
13.220000,0x101,00 00 00 00 00 00 00 00
13.220000,0x102,01 40 21 00 00 00 00 00
13.220000,0x200,94 28 0A 00 00 00 00 00
13.240000,0x100,40 01 00 00 00 00 00 00
13.240000,0x101,00 00 00 00 00 00 00 00
13.240000,0x102,01 40 21 00 00 00 00 00
13.240000,0x200,94 28 0A 00 00 00 00 00
13.260000,0x100,40 01 00 00 00 00 00 00
13.260000,0x101,00 00 00 00 00 00 00 00
13.260000,0x102,01 40 21 00 00 00 00 00
13.260000,0x200,94 28 0A 00 00 00 00 00
13.280000,0x100,40 01 00 00 00 00 00 00
13.280000,0x101,00 00 00 00 00 00 00 00
13.280000,0x102,01 40 21 00 00 00 00 00
13.280000,0x200,94 28 0A 00 00 00 00 00
13.300000,0x100,40 01 00 00 00 00 00 00
13.300000,0x101,00 00 00 00 00 00 00 00
13.300000,0x102,01 40 21 00 00 00 00 00
13.300000,0x200,94 28 0A 00 00 00 00 00
13.320000,0x100,40 01 00 00 00 00 00 00
13.320000,0x101,00 00 00 00 00 00 00 00
13.320000,0x102,01 40 21 00 00 00 00 00
13.320000,0x200,94 28 0A 00 00 00 00 00
13.340000,0x100,40 01 00 00 00 00 00 00
13.340000,0x101,00 00 00 00 00 00 00 00
13.340000,0x102,01 40 21 00 00 00 00 00
13.340000,0x200,94 28 0A 00 00 00 00 00
13.360000,0x100,40 01 00 00 00 00 00 00
13.360000,0x101,00 00 00 00 00 00 00 00
13.360000,0x102,01 40 21 00 00 00 00 00
13.360000,0x200,94 28 0A 00 00 00 00 00
13.380000,0x100,40 01 00 00 00 00 00 00
13.380000,0x101,00 00 00 00 00 00 00 00
13.380000,0x102,01 40 21 00 00 00 00 00
13.380000,0x200,94 28 0A 00 00 00 00 00
13.400000,0x100,40 01 00 00 00 00 00 00
13.400000,0x101,00 00 00 00 00 00 00 00
13.400000,0x102,01 40 21 00 00 00 00 00
13.400000,0x200,94 28 0A 00 00 00 00 00
13.420000,0x100,40 01 00 00 00 00 00 00
13.420000,0x101,00 00 00 00 00 00 00 00
13.420000,0x102,01 40 21 00 00 00 00 00
13.420000,0x200,94 28 0A 00 00 00 00 00
13.440000,0x100,40 01 00 00 00 00 00 00
13.440000,0x101,00 00 00 00 00 00 00 00
13.440000,0x102,01 40 21 00 00 00 00 00
13.440000,0x200,95 28 0A 00 00 00 00 00
13.460000,0x100,40 01 00 00 00 00 00 00
13.460000,0x101,00 00 00 00 00 00 00 00
13.460000,0x102,01 40 21 00 00 00 00 00
13.460000,0x200,95 28 0A 00 00 00 00 00
13.480000,0x100,40 01 00 00 00 00 00 00
13.480000,0x101,00 00 00 00 00 00 00 00
13.480000,0x102,01 40 21 00 00 00 00 00
13.480000,0x200,95 28 0A 00 00 00 00 00
13.500000,0x100,40 01 00 00 00 00 00 00
13.500000,0x101,00 00 00 00 00 00 00 00
13.500000,0x102,01 40 21 00 00 00 00 00
13.500000,0x200,95 28 0A 00 00 00 00 00
13.520000,0x100,40 01 00 00 00 00 00 00
13.520000,0x101,00 00 00 00 00 00 00 00
13.520000,0x102,01 40 21 00 00 00 00 00
13.520000,0x200,95 28 0A 00 00 00 00 00
13.540000,0x100,40 01 00 00 00 00 00 00
13.540000,0x101,00 00 00 00 00 00 00 00
13.540000,0x102,01 40 21 00 00 00 00 00
13.540000,0x200,95 28 0A 00 00 00 00 00
13.560000,0x100,40 01 00 00 00 00 00 00
13.560000,0x101,00 00 00 00 00 00 00 00
13.560000,0x102,01 40 21 00 00 00 00 00
13.560000,0x200,95 28 0A 00 00 00 00 00
13.580000,0x100,40 01 00 00 00 00 00 00
13.580000,0x101,00 00 00 00 00 00 00 00
13.580000,0x102,01 40 21 00 00 00 00 00
13.580000,0x200,95 28 0A 00 00 00 00 00
13.600000,0x100,40 01 00 00 00 00 00 00
13.600000,0x101,00 00 00 00 00 00 00 00
13.600000,0x102,01 40 21 00 00 00 00 00
13.600000,0x200,95 28 0A 00 00 00 00 00
13.620000,0x100,40 01 00 00 00 00 00 00
13.620000,0x101,00 00 00 00 00 00 00 00
13.620000,0x102,01 40 21 00 00 00 00 00
13.620000,0x200,95 28 0A 00 00 00 00 00
13.640000,0x100,40 01 00 00 00 00 00 00
13.640000,0x101,00 00 00 00 00 00 00 00
13.640000,0x102,01 40 21 00 00 00 00 00
13.640000,0x200,95 28 0A 00 00 00 00 00
13.660000,0x100,40 01 00 00 00 00 00 00
13.660000,0x101,00 00 00 00 00 00 00 00
13.660000,0x102,01 40 21 00 00 00 00 00
13.660000,0x200,95 28 0A 00 00 00 00 00
13.680000,0x100,40 01 00 00 00 00 00 00
13.680000,0x101,00 00 00 00 00 00 00 00
13.680000,0x102,01 40 21 00 00 00 00 00
13.680000,0x200,95 28 0A 00 00 00 00 00
13.700000,0x100,40 01 00 00 00 00 00 00
13.700000,0x101,00 00 00 00 00 00 00 00
13.700000,0x102,01 40 21 00 00 00 00 00
13.700000,0x200,95 28 0A 00 00 00 00 00
13.720000,0x100,40 01 00 00 00 00 00 00
13.720000,0x101,00 00 00 00 00 00 00 00
13.720000,0x102,01 40 21 00 00 00 00 00
13.720000,0x200,96 28 0A 00 00 00 00 00
13.740000,0x100,40 01 00 00 00 00 00 00
13.740000,0x101,00 00 00 00 00 00 00 00
13.740000,0x102,01 40 21 00 00 00 00 00
13.740000,0x200,96 28 0A 00 00 00 00 00
13.760000,0x100,40 01 00 00 00 00 00 00
13.760000,0x101,00 00 00 00 00 00 00 00
13.760000,0x102,01 40 21 00 00 00 00 00
13.760000,0x200,96 28 0A 00 00 00 00 00
13.780000,0x100,40 01 00 00 00 00 00 00
13.780000,0x101,00 00 00 00 00 00 00 00
13.780000,0x102,01 40 21 00 00 00 00 00
13.780000,0x200,96 28 0A 00 00 00 00 00
13.800000,0x100,40 01 00 00 00 00 00 00
13.800000,0x101,00 00 00 00 00 00 00 00
13.800000,0x102,01 40 21 00 00 00 00 00
13.800000,0x200,96 28 0A 00 00 00 00 00
13.820000,0x100,40 01 00 00 00 00 00 00
13.820000,0x101,00 00 00 00 00 00 00 00
13.820000,0x102,01 40 21 00 00 00 00 00
13.820000,0x200,96 28 0A 00 00 00 00 00
13.840000,0x100,40 01 00 00 00 00 00 00
13.840000,0x101,00 00 00 00 00 00 00 00
13.840000,0x102,01 40 21 00 00 00 00 00
13.840000,0x200,96 28 0A 00 00 00 00 00
13.860000,0x100,40 01 00 00 00 00 00 00
13.860000,0x101,00 00 00 00 00 00 00 00
13.860000,0x102,01 40 21 00 00 00 00 00
13.860000,0x200,96 28 0A 00 00 00 00 00
13.880000,0x100,40 01 00 00 00 00 00 00
13.880000,0x101,00 00 00 00 00 00 00 00
13.880000,0x102,01 40 21 00 00 00 00 00
13.880000,0x200,96 28 0A 00 00 00 00 00
13.900000,0x100,40 01 00 00 00 00 00 00
13.900000,0x101,00 00 00 00 00 00 00 00
13.900000,0x102,01 40 21 00 00 00 00 00
13.900000,0x200,96 28 0A 00 00 00 00 00
13.920000,0x100,40 01 00 00 00 00 00 00
13.920000,0x101,00 00 00 00 00 00 00 00
13.920000,0x102,01 40 21 00 00 00 00 00
13.920000,0x200,96 28 0A 00 00 00 00 00
13.940000,0x100,40 01 00 00 00 00 00 00
13.940000,0x101,00 00 00 00 00 00 00 00
13.940000,0x102,01 40 21 00 00 00 00 00
13.940000,0x200,96 28 0A 00 00 00 00 00
13.960000,0x100,40 01 00 00 00 00 00 00
13.960000,0x101,00 00 00 00 00 00 00 00
13.960000,0x102,01 40 21 00 00 00 00 00
13.960000,0x200,96 28 0A 00 00 00 00 00
13.980000,0x100,40 01 00 00 00 00 00 00
13.980000,0x101,00 00 00 00 00 00 00 00
13.980000,0x102,01 40 21 00 00 00 00 00
13.980000,0x200,96 28 0A 00 00 00 00 00
14.000000,0x100,40 01 00 00 00 00 00 00
14.000000,0x101,00 00 00 00 00 00 00 00
14.000000,0x102,01 40 21 00 00 00 00 00
14.000000,0x200,97 28 0A 00 00 00 00 00
14.020000,0x100,40 01 00 00 00 00 00 00
14.020000,0x101,00 00 00 00 00 00 00 00
14.020000,0x102,01 40 21 00 00 00 00 00
14.020000,0x200,97 28 0A 00 00 00 00 00
14.040000,0x100,40 01 00 00 00 00 00 00
14.040000,0x101,00 00 00 00 00 00 00 00
14.040000,0x102,01 40 21 00 00 00 00 00
14.040000,0x200,97 28 0A 00 00 00 00 00
14.060000,0x100,40 01 00 00 00 00 00 00
14.060000,0x101,00 00 00 00 00 00 00 00
14.060000,0x102,01 40 21 00 00 00 00 00
14.060000,0x200,97 28 0A 00 00 00 00 00
14.080000,0x100,40 01 00 00 00 00 00 00
14.080000,0x101,00 00 00 00 00 00 00 00
14.080000,0x102,01 40 21 00 00 00 00 00
14.080000,0x200,97 28 0A 00 00 00 00 00
14.100000,0x100,40 01 00 00 00 00 00 00
14.100000,0x101,00 00 00 00 00 00 00 00
14.100000,0x102,01 40 21 00 00 00 00 00
14.100000,0x200,97 28 0A 00 00 00 00 00
14.120000,0x100,40 01 00 00 00 00 00 00
14.120000,0x101,00 00 00 00 00 00 00 00
14.120000,0x102,01 40 21 00 00 00 00 00
14.120000,0x200,97 28 0A 00 00 00 00 00
14.140000,0x100,40 01 00 00 00 00 00 00
14.140000,0x101,00 00 00 00 00 00 00 00
14.140000,0x102,01 40 21 00 00 00 00 00
14.140000,0x200,97 28 0A 00 00 00 00 00
14.160000,0x100,40 01 00 00 00 00 00 00
14.160000,0x101,00 00 00 00 00 00 00 00
14.160000,0x102,01 40 21 00 00 00 00 00
14.160000,0x200,97 28 0A 00 00 00 00 00
14.180000,0x100,40 01 00 00 00 00 00 00
14.180000,0x101,00 00 00 00 00 00 00 00
14.180000,0x102,01 40 21 00 00 00 00 00
14.180000,0x200,97 28 0A 00 00 00 00 00
14.200000,0x100,40 01 00 00 00 00 00 00
14.200000,0x101,00 00 00 00 00 00 00 00
14.200000,0x102,01 40 21 00 00 00 00 00
14.200000,0x200,97 28 0A 00 00 00 00 00
14.220000,0x100,40 01 00 00 00 00 00 00
14.220000,0x101,00 00 00 00 00 00 00 00
14.220000,0x102,01 40 21 00 00 00 00 00
14.220000,0x200,97 28 0A 00 00 00 00 00
14.240000,0x100,40 01 00 00 00 00 00 00
14.240000,0x101,00 00 00 00 00 00 00 00
14.240000,0x102,01 40 21 00 00 00 00 00
14.240000,0x200,97 28 0A 00 00 00 00 00
14.260000,0x100,40 01 00 00 00 00 00 00
14.260000,0x101,00 00 00 00 00 00 00 00
14.260000,0x102,01 40 21 00 00 00 00 00
14.260000,0x200,97 28 0A 00 00 00 00 00
14.280000,0x100,40 01 00 00 00 00 00 00
14.280000,0x101,00 00 00 00 00 00 00 00
14.280000,0x102,01 40 21 00 00 00 00 00
14.280000,0x200,98 28 0A 00 00 00 00 00
14.300000,0x100,40 01 00 00 00 00 00 00
14.300000,0x101,00 00 00 00 00 00 00 00
14.300000,0x102,01 40 21 00 00 00 00 00
14.300000,0x200,98 28 0A 00 00 00 00 00
14.320000,0x100,40 01 00 00 00 00 00 00
14.320000,0x101,00 00 00 00 00 00 00 00
14.320000,0x102,01 40 21 00 00 00 00 00
14.320000,0x200,98 28 0A 00 00 00 00 00
14.340000,0x100,40 01 00 00 00 00 00 00
14.340000,0x101,00 00 00 00 00 00 00 00
14.340000,0x102,01 40 21 00 00 00 00 00
14.340000,0x200,98 28 0A 00 00 00 00 00
14.360000,0x100,40 01 00 00 00 00 00 00
14.360000,0x101,00 00 00 00 00 00 00 00
14.360000,0x102,01 40 21 00 00 00 00 00
14.360000,0x200,98 28 0A 00 00 00 00 00
14.380000,0x100,40 01 00 00 00 00 00 00
14.380000,0x101,00 00 00 00 00 00 00 00
14.380000,0x102,01 40 21 00 00 00 00 00
14.380000,0x200,98 28 0A 00 00 00 00 00
14.400000,0x100,40 01 00 00 00 00 00 00
14.400000,0x101,00 00 00 00 00 00 00 00
14.400000,0x102,01 40 21 00 00 00 00 00
14.400000,0x200,98 28 0A 00 00 00 00 00
14.420000,0x100,40 01 00 00 00 00 00 00
14.420000,0x101,00 00 00 00 00 00 00 00
14.420000,0x102,01 40 21 00 00 00 00 00
14.420000,0x200,98 28 0A 00 00 00 00 00
14.440000,0x100,40 01 00 00 00 00 00 00
14.440000,0x101,00 00 00 00 00 00 00 00
14.440000,0x102,01 40 21 00 00 00 00 00
14.440000,0x200,98 28 0A 00 00 00 00 00
14.460000,0x100,40 01 00 00 00 00 00 00
14.460000,0x101,00 00 00 00 00 00 00 00
14.460000,0x102,01 40 21 00 00 00 00 00
14.460000,0x200,98 28 0A 00 00 00 00 00
14.480000,0x100,40 01 00 00 00 00 00 00
14.480000,0x101,00 00 00 00 00 00 00 00
14.480000,0x102,01 40 21 00 00 00 00 00
14.480000,0x200,98 28 0A 00 00 00 00 00
14.500000,0x100,40 01 00 00 00 00 00 00
14.500000,0x101,00 00 00 00 00 00 00 00
14.500000,0x102,01 40 21 00 00 00 00 00
14.500000,0x200,98 28 0A 00 00 00 00 00
14.520000,0x100,40 01 00 00 00 00 00 00
14.520000,0x101,00 00 00 00 00 00 00 00
14.520000,0x102,01 40 21 00 00 00 00 00
14.520000,0x200,98 28 0A 00 00 00 00 00
14.540000,0x100,40 01 00 00 00 00 00 00
14.540000,0x101,00 00 00 00 00 00 00 00
14.540000,0x102,01 40 21 00 00 00 00 00
14.540000,0x200,99 28 0A 00 00 00 00 00
14.560000,0x100,40 01 00 00 00 00 00 00
14.560000,0x101,00 00 00 00 00 00 00 00
14.560000,0x102,01 40 21 00 00 00 00 00
14.560000,0x200,99 28 0A 00 00 00 00 00
14.580000,0x100,40 01 00 00 00 00 00 00
14.580000,0x101,00 00 00 00 00 00 00 00
14.580000,0x102,01 40 21 00 00 00 00 00
14.580000,0x200,99 28 0A 00 00 00 00 00
14.600000,0x100,40 01 00 00 00 00 00 00
14.600000,0x101,00 00 00 00 00 00 00 00
14.600000,0x102,01 40 21 00 00 00 00 00
14.600000,0x200,99 28 0A 00 00 00 00 00
14.620000,0x100,40 01 00 00 00 00 00 00
14.620000,0x101,00 00 00 00 00 00 00 00
14.620000,0x102,01 40 21 00 00 00 00 00
14.620000,0x200,99 28 0A 00 00 00 00 00
14.640000,0x100,40 01 00 00 00 00 00 00
14.640000,0x101,00 00 00 00 00 00 00 00
14.640000,0x102,01 40 21 00 00 00 00 00
14.640000,0x200,99 28 0A 00 00 00 00 00
14.660000,0x100,40 01 00 00 00 00 00 00
14.660000,0x101,00 00 00 00 00 00 00 00
14.660000,0x102,01 40 21 00 00 00 00 00
14.660000,0x200,99 28 0A 00 00 00 00 00
14.680000,0x100,40 01 00 00 00 00 00 00
14.680000,0x101,00 00 00 00 00 00 00 00
14.680000,0x102,01 40 21 00 00 00 00 00
14.680000,0x200,99 28 0A 00 00 00 00 00
14.700000,0x100,40 01 00 00 00 00 00 00
14.700000,0x101,00 00 00 00 00 00 00 00
14.700000,0x102,01 40 21 00 00 00 00 00
14.700000,0x200,99 28 0A 00 00 00 00 00
14.720000,0x100,40 01 00 00 00 00 00 00
14.720000,0x101,00 00 00 00 00 00 00 00
14.720000,0x102,01 40 21 00 00 00 00 00
14.720000,0x200,99 28 0A 00 00 00 00 00
14.740000,0x100,40 01 00 00 00 00 00 00
14.740000,0x101,00 00 00 00 00 00 00 00
14.740000,0x102,01 40 21 00 00 00 00 00
14.740000,0x200,99 28 0A 00 00 00 00 00
14.760000,0x100,40 01 00 00 00 00 00 00
14.760000,0x101,00 00 00 00 00 00 00 00
14.760000,0x102,01 40 21 00 00 00 00 00
14.760000,0x200,99 28 0A 00 00 00 00 00
14.780000,0x100,40 01 00 00 00 00 00 00
14.780000,0x101,00 00 00 00 00 00 00 00
14.780000,0x102,01 40 21 00 00 00 00 00
14.780000,0x200,99 28 0A 00 00 00 00 00
14.800000,0x100,40 01 00 00 00 00 00 00
14.800000,0x101,00 00 00 00 00 00 00 00
14.800000,0x102,01 40 21 00 00 00 00 00
14.800000,0x200,99 28 0A 00 00 00 00 00
14.820000,0x100,40 01 00 00 00 00 00 00
14.820000,0x101,00 00 00 00 00 00 00 00
14.820000,0x102,01 40 21 00 00 00 00 00
14.820000,0x200,9A 28 0A 00 00 00 00 00
14.840000,0x100,40 01 00 00 00 00 00 00
14.840000,0x101,00 00 00 00 00 00 00 00
14.840000,0x102,01 40 21 00 00 00 00 00
14.840000,0x200,9A 28 0A 00 00 00 00 00
14.860000,0x100,40 01 00 00 00 00 00 00
14.860000,0x101,00 00 00 00 00 00 00 00
14.860000,0x102,01 40 21 00 00 00 00 00
14.860000,0x200,9A 28 0A 00 00 00 00 00
14.880000,0x100,40 01 00 00 00 00 00 00
14.880000,0x101,00 00 00 00 00 00 00 00
14.880000,0x102,01 40 21 00 00 00 00 00
14.880000,0x200,9A 28 0A 00 00 00 00 00
14.900000,0x100,40 01 00 00 00 00 00 00
14.900000,0x101,00 00 00 00 00 00 00 00
14.900000,0x102,01 40 21 00 00 00 00 00
14.900000,0x200,9A 28 0A 00 00 00 00 00
14.920000,0x100,40 01 00 00 00 00 00 00
14.920000,0x101,00 00 00 00 00 00 00 00
14.920000,0x102,01 40 21 00 00 00 00 00
14.920000,0x200,9A 28 0A 00 00 00 00 00
14.940000,0x100,40 01 00 00 00 00 00 00
14.940000,0x101,00 00 00 00 00 00 00 00
14.940000,0x102,01 40 21 00 00 00 00 00
14.940000,0x200,9A 28 0A 00 00 00 00 00
14.960000,0x100,40 01 00 00 00 00 00 00
14.960000,0x101,00 00 00 00 00 00 00 00
14.960000,0x102,01 40 21 00 00 00 00 00
14.960000,0x200,9A 28 0A 00 00 00 00 00
14.980000,0x100,40 01 00 00 00 00 00 00
14.980000,0x101,00 00 00 00 00 00 00 00
14.980000,0x102,01 40 21 00 00 00 00 00
14.980000,0x200,9A 28 0A 00 00 00 00 00
15.000000,0x100,40 11 00 00 00 00 00 00
15.000000,0x101,00 00 00 00 00 00 00 00
15.000000,0x102,00 00 00 00 00 00 00 00
15.000000,0x200,9A 28 0A 00 00 00 00 00
15.020000,0x100,3F 11 00 00 00 00 00 00
15.020000,0x101,00 00 00 00 00 00 00 00
15.020000,0x102,00 00 00 00 00 00 00 00
15.020000,0x200,9A 22 0A 00 00 00 00 00
15.040000,0x100,3E 11 00 00 00 00 00 00
15.040000,0x101,00 00 00 00 00 00 00 00
15.040000,0x102,00 00 00 00 00 00 00 00
15.040000,0x200,9A 1C 0A 00 00 00 00 00
15.060000,0x100,3C 11 00 00 00 00 00 00
15.060000,0x101,00 00 00 00 00 00 00 00
15.060000,0x102,00 00 00 00 00 00 00 00
15.060000,0x200,9A 16 0A 00 00 00 00 00
15.080000,0x100,3B 11 00 00 00 00 00 00
15.080000,0x101,00 00 00 00 00 00 00 00
15.080000,0x102,00 00 00 00 00 00 00 00
15.080000,0x200,9A 10 0A 00 00 00 00 00
15.100000,0x100,3A 11 00 00 00 00 00 00
15.100000,0x101,00 00 00 00 00 00 00 00
15.100000,0x102,00 00 00 00 00 00 00 00
15.100000,0x200,9B 0A 0A 00 00 00 00 00
15.120000,0x100,39 11 00 00 00 00 00 00
15.120000,0x101,00 00 00 00 00 00 00 00
15.120000,0x102,00 00 00 00 00 00 00 00
15.120000,0x200,9B 04 0A 00 00 00 00 00
15.140000,0x100,38 11 00 00 00 00 00 00
15.140000,0x101,00 00 00 00 00 00 00 00
15.140000,0x102,00 00 00 00 00 00 00 00
15.140000,0x200,9B FE 09 00 00 00 00 00
15.160000,0x100,36 11 00 00 00 00 00 00
15.160000,0x101,00 00 00 00 00 00 00 00
15.160000,0x102,00 00 00 00 00 00 00 00
15.160000,0x200,9B F8 09 00 00 00 00 00
15.180000,0x100,35 11 00 00 00 00 00 00
15.180000,0x101,00 00 00 00 00 00 00 00
15.180000,0x102,00 00 00 00 00 00 00 00
15.180000,0x200,9B F2 09 00 00 00 00 00
15.200000,0x100,34 11 00 00 00 00 00 00
15.200000,0x101,00 00 00 00 00 00 00 00
15.200000,0x102,00 00 00 00 00 00 00 00
15.200000,0x200,9B EC 09 00 00 00 00 00
15.220000,0x100,33 11 00 00 00 00 00 00
15.220000,0x101,00 00 00 00 00 00 00 00
15.220000,0x102,00 00 00 00 00 00 00 00
15.220000,0x200,9B E6 09 00 00 00 00 00
15.240000,0x100,32 11 00 00 00 00 00 00
15.240000,0x101,00 00 00 00 00 00 00 00
15.240000,0x102,00 00 00 00 00 00 00 00
15.240000,0x200,9B E0 09 00 00 00 00 00
15.260000,0x100,30 11 00 00 00 00 00 00
15.260000,0x101,00 00 00 00 00 00 00 00
15.260000,0x102,00 00 00 00 00 00 00 00
15.260000,0x200,9B DA 09 00 00 00 00 00
15.280000,0x100,2F 11 00 00 00 00 00 00
15.280000,0x101,00 00 00 00 00 00 00 00
15.280000,0x102,00 00 00 00 00 00 00 00
15.280000,0x200,9B D4 09 00 00 00 00 00
15.300000,0x100,2E 11 00 00 00 00 00 00
15.300000,0x101,00 00 00 00 00 00 00 00
15.300000,0x102,00 00 00 00 00 00 00 00
15.300000,0x200,9B CE 09 00 00 00 00 00
15.320000,0x100,2D 11 00 00 00 00 00 00
15.320000,0x101,00 00 00 00 00 00 00 00
15.320000,0x102,00 00 00 00 00 00 00 00
15.320000,0x200,9B C8 09 00 00 00 00 00
15.340000,0x100,2C 11 00 00 00 00 00 00
15.340000,0x101,00 00 00 00 00 00 00 00
15.340000,0x102,00 00 00 00 00 00 00 00
15.340000,0x200,9B C2 09 00 00 00 00 00
15.360000,0x100,2A 11 00 00 00 00 00 00
15.360000,0x101,00 00 00 00 00 00 00 00
15.360000,0x102,00 00 00 00 00 00 00 00
15.360000,0x200,9B BC 09 00 00 00 00 00
15.380000,0x100,29 11 00 00 00 00 00 00
15.380000,0x101,00 00 00 00 00 00 00 00
15.380000,0x102,00 00 00 00 00 00 00 00
15.380000,0x200,9C B6 09 00 00 00 00 00
15.400000,0x100,28 11 00 00 00 00 00 00
15.400000,0x101,00 00 00 00 00 00 00 00
15.400000,0x102,00 00 00 00 00 00 00 00
15.400000,0x200,9C B0 09 00 00 00 00 00
15.420000,0x100,27 11 00 00 00 00 00 00
15.420000,0x101,00 00 00 00 00 00 00 00
15.420000,0x102,00 00 00 00 00 00 00 00
15.420000,0x200,9C AA 09 00 00 00 00 00
15.440000,0x100,26 11 00 00 00 00 00 00
15.440000,0x101,00 00 00 00 00 00 00 00
15.440000,0x102,00 00 00 00 00 00 00 00
15.440000,0x200,9C A4 09 00 00 00 00 00
15.460000,0x100,24 11 00 00 00 00 00 00
15.460000,0x101,00 00 00 00 00 00 00 00
15.460000,0x102,00 00 00 00 00 00 00 00
15.460000,0x200,9C 9E 09 00 00 00 00 00
15.480000,0x100,23 11 00 00 00 00 00 00
15.480000,0x101,00 00 00 00 00 00 00 00
15.480000,0x102,00 00 00 00 00 00 00 00
15.480000,0x200,9C 98 09 00 00 00 00 00
15.500000,0x100,22 11 00 00 00 00 00 00
15.500000,0x101,00 00 00 00 00 00 00 00
15.500000,0x102,00 00 00 00 00 00 00 00
15.500000,0x200,9C 92 09 00 00 00 00 00
15.520000,0x100,21 11 00 00 00 00 00 00
15.520000,0x101,00 00 00 00 00 00 00 00
15.520000,0x102,00 00 00 00 00 00 00 00
15.520000,0x200,9C 8C 09 00 00 00 00 00
15.540000,0x100,20 11 00 00 00 00 00 00
15.540000,0x101,00 00 00 00 00 00 00 00
15.540000,0x102,00 00 00 00 00 00 00 00
15.540000,0x200,9C 86 09 00 00 00 00 00
15.560000,0x100,1E 11 00 00 00 00 00 00
15.560000,0x101,00 00 00 00 00 00 00 00
15.560000,0x102,00 00 00 00 00 00 00 00
15.560000,0x200,9C 80 09 00 00 00 00 00
15.580000,0x100,1D 11 00 00 00 00 00 00
15.580000,0x101,00 00 00 00 00 00 00 00
15.580000,0x102,00 00 00 00 00 00 00 00
15.580000,0x200,9C 7A 09 00 00 00 00 00
15.600000,0x100,1C 11 00 00 00 00 00 00
15.600000,0x101,00 00 00 00 00 00 00 00
15.600000,0x102,00 00 00 00 00 00 00 00
15.600000,0x200,9C 74 09 00 00 00 00 00
15.620000,0x100,1B 11 00 00 00 00 00 00
15.620000,0x101,00 00 00 00 00 00 00 00
15.620000,0x102,00 00 00 00 00 00 00 00
15.620000,0x200,9C 6E 09 00 00 00 00 00
15.640000,0x100,1A 11 00 00 00 00 00 00
15.640000,0x101,00 00 00 00 00 00 00 00
15.640000,0x102,00 00 00 00 00 00 00 00
15.640000,0x200,9C 68 09 00 00 00 00 00
15.660000,0x100,18 11 00 00 00 00 00 00
15.660000,0x101,00 00 00 00 00 00 00 00
15.660000,0x102,00 00 00 00 00 00 00 00
15.660000,0x200,9D 62 09 00 00 00 00 00
15.680000,0x100,17 11 00 00 00 00 00 00
15.680000,0x101,00 00 00 00 00 00 00 00
15.680000,0x102,00 00 00 00 00 00 00 00
15.680000,0x200,9D 5C 09 00 00 00 00 00
15.700000,0x100,16 11 00 00 00 00 00 00
15.700000,0x101,00 00 00 00 00 00 00 00
15.700000,0x102,00 00 00 00 00 00 00 00
15.700000,0x200,9D 56 09 00 00 00 00 00
15.720000,0x100,15 11 00 00 00 00 00 00
15.720000,0x101,00 00 00 00 00 00 00 00
15.720000,0x102,00 00 00 00 00 00 00 00
15.720000,0x200,9D 50 09 00 00 00 00 00
15.740000,0x100,14 11 00 00 00 00 00 00
15.740000,0x101,00 00 00 00 00 00 00 00
15.740000,0x102,00 00 00 00 00 00 00 00
15.740000,0x200,9D 4A 09 00 00 00 00 00
15.760000,0x100,12 11 00 00 00 00 00 00
15.760000,0x101,00 00 00 00 00 00 00 00
15.760000,0x102,00 00 00 00 00 00 00 00
15.760000,0x200,9D 44 09 00 00 00 00 00
15.780000,0x100,11 11 00 00 00 00 00 00
15.780000,0x101,00 00 00 00 00 00 00 00
15.780000,0x102,00 00 00 00 00 00 00 00
15.780000,0x200,9D 3E 09 00 00 00 00 00
15.800000,0x100,10 11 00 00 00 00 00 00
15.800000,0x101,00 00 00 00 00 00 00 00
15.800000,0x102,00 00 00 00 00 00 00 00
15.800000,0x200,9D 38 09 00 00 00 00 00
15.820000,0x100,0F 11 00 00 00 00 00 00
15.820000,0x101,00 00 00 00 00 00 00 00
15.820000,0x102,00 00 00 00 00 00 00 00
15.820000,0x200,9D 32 09 00 00 00 00 00
15.840000,0x100,0E 11 00 00 00 00 00 00
15.840000,0x101,00 00 00 00 00 00 00 00
15.840000,0x102,00 00 00 00 00 00 00 00
15.840000,0x200,9D 2C 09 00 00 00 00 00
15.860000,0x100,0C 11 00 00 00 00 00 00
15.860000,0x101,00 00 00 00 00 00 00 00
15.860000,0x102,00 00 00 00 00 00 00 00
15.860000,0x200,9D 26 09 00 00 00 00 00
15.880000,0x100,0B 11 00 00 00 00 00 00
15.880000,0x101,00 00 00 00 00 00 00 00
15.880000,0x102,00 00 00 00 00 00 00 00
15.880000,0x200,9D 20 09 00 00 00 00 00
15.900000,0x100,0A 11 00 00 00 00 00 00
15.900000,0x101,00 00 00 00 00 00 00 00
15.900000,0x102,00 00 00 00 00 00 00 00
15.900000,0x200,9D 1A 09 00 00 00 00 00
15.920000,0x100,09 11 00 00 00 00 00 00
15.920000,0x101,00 00 00 00 00 00 00 00
15.920000,0x102,00 00 00 00 00 00 00 00
15.920000,0x200,9D 14 09 00 00 00 00 00
15.940000,0x100,08 11 00 00 00 00 00 00
15.940000,0x101,00 00 00 00 00 00 00 00
15.940000,0x102,00 00 00 00 00 00 00 00
15.940000,0x200,9E 0E 09 00 00 00 00 00
15.960000,0x100,06 11 00 00 00 00 00 00
15.960000,0x101,00 00 00 00 00 00 00 00
15.960000,0x102,00 00 00 00 00 00 00 00
15.960000,0x200,9E 08 09 00 00 00 00 00
15.980000,0x100,05 11 00 00 00 00 00 00
15.980000,0x101,00 00 00 00 00 00 00 00
15.980000,0x102,00 00 00 00 00 00 00 00
15.980000,0x200,9E 02 09 00 00 00 00 00
16.000000,0x100,04 11 00 00 00 00 00 00
16.000000,0x101,00 00 00 00 00 00 00 00
16.000000,0x102,00 00 00 00 00 00 00 00
16.000000,0x200,9E FC 08 00 00 00 00 00
16.020000,0x100,03 11 00 00 00 00 00 00
16.020000,0x101,00 00 00 00 00 00 00 00
16.020000,0x102,00 00 00 00 00 00 00 00
16.020000,0x200,9E F6 08 00 00 00 00 00
16.040000,0x100,02 11 00 00 00 00 00 00
16.040000,0x101,00 00 00 00 00 00 00 00
16.040000,0x102,00 00 00 00 00 00 00 00
16.040000,0x200,9E F0 08 00 00 00 00 00
16.060000,0x100,00 11 00 00 00 00 00 00
16.060000,0x101,00 00 00 00 00 00 00 00
16.060000,0x102,00 00 00 00 00 00 00 00
16.060000,0x200,9E EA 08 00 00 00 00 00
16.080000,0x100,FF 10 00 00 00 00 00 00
16.080000,0x101,00 00 00 00 00 00 00 00
16.080000,0x102,00 00 00 00 00 00 00 00
16.080000,0x200,9E E4 08 00 00 00 00 00
16.100000,0x100,FE 10 00 00 00 00 00 00
16.100000,0x101,00 00 00 00 00 00 00 00
16.100000,0x102,00 00 00 00 00 00 00 00
16.100000,0x200,9E DE 08 00 00 00 00 00
16.120000,0x100,FD 10 00 00 00 00 00 00
16.120000,0x101,00 00 00 00 00 00 00 00
16.120000,0x102,00 00 00 00 00 00 00 00
16.120000,0x200,9E D8 08 00 00 00 00 00
16.140000,0x100,FC 10 00 00 00 00 00 00
16.140000,0x101,00 00 00 00 00 00 00 00
16.140000,0x102,00 00 00 00 00 00 00 00
16.140000,0x200,9E D2 08 00 00 00 00 00
16.160000,0x100,FA 10 00 00 00 00 00 00
16.160000,0x101,00 00 00 00 00 00 00 00
16.160000,0x102,00 00 00 00 00 00 00 00
16.160000,0x200,9E CC 08 00 00 00 00 00
16.180000,0x100,F9 10 00 00 00 00 00 00
16.180000,0x101,00 00 00 00 00 00 00 00
16.180000,0x102,00 00 00 00 00 00 00 00
16.180000,0x200,9E C6 08 00 00 00 00 00
16.200000,0x100,F8 10 00 00 00 00 00 00
16.200000,0x101,00 00 00 00 00 00 00 00
16.200000,0x102,00 00 00 00 00 00 00 00
16.200000,0x200,9E C0 08 00 00 00 00 00
16.220000,0x100,F7 10 00 00 00 00 00 00
16.220000,0x101,00 00 00 00 00 00 00 00
16.220000,0x102,00 00 00 00 00 00 00 00
16.220000,0x200,9F BA 08 00 00 00 00 00
16.240000,0x100,F6 10 00 00 00 00 00 00
16.240000,0x101,00 00 00 00 00 00 00 00
16.240000,0x102,00 00 00 00 00 00 00 00
16.240000,0x200,9F B4 08 00 00 00 00 00
16.260000,0x100,F4 10 00 00 00 00 00 00
16.260000,0x101,00 00 00 00 00 00 00 00
16.260000,0x102,00 00 00 00 00 00 00 00
16.260000,0x200,9F AE 08 00 00 00 00 00
16.280000,0x100,F3 10 00 00 00 00 00 00
16.280000,0x101,00 00 00 00 00 00 00 00
16.280000,0x102,00 00 00 00 00 00 00 00
16.280000,0x200,9F A8 08 00 00 00 00 00
16.300000,0x100,F2 10 00 00 00 00 00 00
16.300000,0x101,00 00 00 00 00 00 00 00
16.300000,0x102,00 00 00 00 00 00 00 00
16.300000,0x200,9F A2 08 00 00 00 00 00
16.320000,0x100,F1 10 00 00 00 00 00 00
16.320000,0x101,00 00 00 00 00 00 00 00
16.320000,0x102,00 00 00 00 00 00 00 00
16.320000,0x200,9F 9C 08 00 00 00 00 00
16.340000,0x100,F0 10 00 00 00 00 00 00
16.340000,0x101,00 00 00 00 00 00 00 00
16.340000,0x102,00 00 00 00 00 00 00 00
16.340000,0x200,9F 96 08 00 00 00 00 00
16.360000,0x100,EE 10 00 00 00 00 00 00
16.360000,0x101,00 00 00 00 00 00 00 00
16.360000,0x102,00 00 00 00 00 00 00 00
16.360000,0x200,9F 90 08 00 00 00 00 00
16.380000,0x100,ED 10 00 00 00 00 00 00
16.380000,0x101,00 00 00 00 00 00 00 00
16.380000,0x102,00 00 00 00 00 00 00 00
16.380000,0x200,9F 8A 08 00 00 00 00 00
16.400000,0x100,EC 10 00 00 00 00 00 00
16.400000,0x101,00 00 00 00 00 00 00 00
16.400000,0x102,00 00 00 00 00 00 00 00
16.400000,0x200,9F 84 08 00 00 00 00 00
16.420000,0x100,EB 10 00 00 00 00 00 00
16.420000,0x101,00 00 00 00 00 00 00 00
16.420000,0x102,00 00 00 00 00 00 00 00
16.420000,0x200,9F 7E 08 00 00 00 00 00
16.440000,0x100,EA 10 00 00 00 00 00 00
16.440000,0x101,00 00 00 00 00 00 00 00
16.440000,0x102,00 00 00 00 00 00 00 00
16.440000,0x200,9F 78 08 00 00 00 00 00
16.460000,0x100,E8 10 00 00 00 00 00 00
16.460000,0x101,00 00 00 00 00 00 00 00
16.460000,0x102,00 00 00 00 00 00 00 00
16.460000,0x200,9F 72 08 00 00 00 00 00
16.480000,0x100,E7 10 00 00 00 00 00 00
16.480000,0x101,00 00 00 00 00 00 00 00
16.480000,0x102,00 00 00 00 00 00 00 00
16.480000,0x200,A0 6C 08 00 00 00 00 00
16.500000,0x100,E6 10 00 00 00 00 00 00
16.500000,0x101,00 00 00 00 00 00 00 00
16.500000,0x102,00 00 00 00 00 00 00 00
16.500000,0x200,A0 66 08 00 00 00 00 00
16.520000,0x100,E5 10 00 00 00 00 00 00
16.520000,0x101,00 00 00 00 00 00 00 00
16.520000,0x102,00 00 00 00 00 00 00 00
16.520000,0x200,A0 60 08 00 00 00 00 00
16.540000,0x100,E4 10 00 00 00 00 00 00
16.540000,0x101,00 00 00 00 00 00 00 00
16.540000,0x102,00 00 00 00 00 00 00 00
16.540000,0x200,A0 5A 08 00 00 00 00 00
16.560000,0x100,E2 10 00 00 00 00 00 00
16.560000,0x101,00 00 00 00 00 00 00 00
16.560000,0x102,00 00 00 00 00 00 00 00
16.560000,0x200,A0 54 08 00 00 00 00 00
16.580000,0x100,E1 10 00 00 00 00 00 00
16.580000,0x101,00 00 00 00 00 00 00 00
16.580000,0x102,00 00 00 00 00 00 00 00
16.580000,0x200,A0 4E 08 00 00 00 00 00
16.600000,0x100,E0 10 00 00 00 00 00 00
16.600000,0x101,00 00 00 00 00 00 00 00
16.600000,0x102,00 00 00 00 00 00 00 00
16.600000,0x200,A0 48 08 00 00 00 00 00
16.620000,0x100,DF 10 00 00 00 00 00 00
16.620000,0x101,00 00 00 00 00 00 00 00
16.620000,0x102,00 00 00 00 00 00 00 00
16.620000,0x200,A0 42 08 00 00 00 00 00
16.640000,0x100,DE 10 00 00 00 00 00 00
16.640000,0x101,00 00 00 00 00 00 00 00
16.640000,0x102,00 00 00 00 00 00 00 00
16.640000,0x200,A0 3C 08 00 00 00 00 00
16.660000,0x100,DC 10 00 00 00 00 00 00
16.660000,0x101,00 00 00 00 00 00 00 00
16.660000,0x102,00 00 00 00 00 00 00 00
16.660000,0x200,A0 36 08 00 00 00 00 00
16.680000,0x100,DB 10 00 00 00 00 00 00
16.680000,0x101,00 00 00 00 00 00 00 00
16.680000,0x102,00 00 00 00 00 00 00 00
16.680000,0x200,A0 30 08 00 00 00 00 00
16.700000,0x100,DA 10 00 00 00 00 00 00
16.700000,0x101,00 00 00 00 00 00 00 00
16.700000,0x102,00 00 00 00 00 00 00 00
16.700000,0x200,A0 2A 08 00 00 00 00 00
16.720000,0x100,D9 10 00 00 00 00 00 00
16.720000,0x101,00 00 00 00 00 00 00 00
16.720000,0x102,00 00 00 00 00 00 00 00
16.720000,0x200,A0 24 08 00 00 00 00 00
16.740000,0x100,D8 10 00 00 00 00 00 00
16.740000,0x101,00 00 00 00 00 00 00 00
16.740000,0x102,00 00 00 00 00 00 00 00
16.740000,0x200,A0 1E 08 00 00 00 00 00
16.760000,0x100,D6 10 00 00 00 00 00 00
16.760000,0x101,00 00 00 00 00 00 00 00
16.760000,0x102,00 00 00 00 00 00 00 00
16.760000,0x200,A1 18 08 00 00 00 00 00
16.780000,0x100,D5 10 00 00 00 00 00 00
16.780000,0x101,00 00 00 00 00 00 00 00
16.780000,0x102,00 00 00 00 00 00 00 00
16.780000,0x200,A1 12 08 00 00 00 00 00
16.800000,0x100,D4 10 00 00 00 00 00 00
16.800000,0x101,00 00 00 00 00 00 00 00
16.800000,0x102,00 00 00 00 00 00 00 00
16.800000,0x200,A1 0C 08 00 00 00 00 00
16.820000,0x100,D3 10 00 00 00 00 00 00
16.820000,0x101,00 00 00 00 00 00 00 00
16.820000,0x102,00 00 00 00 00 00 00 00
16.820000,0x200,A1 06 08 00 00 00 00 00
16.840000,0x100,D2 10 00 00 00 00 00 00
16.840000,0x101,00 00 00 00 00 00 00 00
16.840000,0x102,00 00 00 00 00 00 00 00
16.840000,0x200,A1 00 08 00 00 00 00 00
16.860000,0x100,D0 10 00 00 00 00 00 00
16.860000,0x101,00 00 00 00 00 00 00 00
16.860000,0x102,00 00 00 00 00 00 00 00
16.860000,0x200,A1 FA 07 00 00 00 00 00
16.880000,0x100,CF 10 00 00 00 00 00 00
16.880000,0x101,00 00 00 00 00 00 00 00
16.880000,0x102,00 00 00 00 00 00 00 00
16.880000,0x200,A1 F4 07 00 00 00 00 00
16.900000,0x100,CE 10 00 00 00 00 00 00
16.900000,0x101,00 00 00 00 00 00 00 00
16.900000,0x102,00 00 00 00 00 00 00 00
16.900000,0x200,A1 EE 07 00 00 00 00 00
16.920000,0x100,CD 10 00 00 00 00 00 00
16.920000,0x101,00 00 00 00 00 00 00 00
16.920000,0x102,00 00 00 00 00 00 00 00
16.920000,0x200,A1 E8 07 00 00 00 00 00
16.940000,0x100,CC 10 00 00 00 00 00 00
16.940000,0x101,00 00 00 00 00 00 00 00
16.940000,0x102,00 00 00 00 00 00 00 00
16.940000,0x200,A1 E2 07 00 00 00 00 00
16.960000,0x100,CA 10 00 00 00 00 00 00
16.960000,0x101,00 00 00 00 00 00 00 00
16.960000,0x102,00 00 00 00 00 00 00 00
16.960000,0x200,A1 DC 07 00 00 00 00 00
16.980000,0x100,C9 10 00 00 00 00 00 00
16.980000,0x101,00 00 00 00 00 00 00 00
16.980000,0x102,00 00 00 00 00 00 00 00
16.980000,0x200,A1 D6 07 00 00 00 00 00
17.000000,0x100,C8 00 28 00 00 00 00 00
17.000000,0x101,00 00 00 00 00 00 00 00
17.000000,0x102,00 00 00 00 00 00 00 00
17.000000,0x200,A1 D0 07 00 00 00 00 00
17.020000,0x100,C8 00 28 00 00 00 00 00
17.020000,0x101,00 00 00 00 00 00 00 00
17.020000,0x102,00 00 00 00 00 00 00 00
17.020000,0x200,A1 D1 07 00 00 00 00 00
17.040000,0x100,C8 00 28 00 00 00 00 00
17.040000,0x101,00 00 00 00 00 00 00 00
17.040000,0x102,00 00 00 00 00 00 00 00
17.040000,0x200,A2 D2 07 00 00 00 00 00
17.060000,0x100,C9 00 28 00 00 00 00 00
17.060000,0x101,00 00 00 00 00 00 00 00
17.060000,0x102,00 00 00 00 00 00 00 00
17.060000,0x200,A2 D3 07 00 00 00 00 00
17.080000,0x100,C9 00 28 00 00 00 00 00
17.080000,0x101,00 00 00 00 00 00 00 00
17.080000,0x102,00 00 00 00 00 00 00 00
17.080000,0x200,A2 D5 07 00 00 00 00 00
17.100000,0x100,C9 00 28 00 00 00 00 00
17.100000,0x101,00 00 00 00 00 00 00 00
17.100000,0x102,00 00 00 00 00 00 00 00
17.100000,0x200,A2 D6 07 00 00 00 00 00
17.120000,0x100,C9 00 28 00 00 00 00 00
17.120000,0x101,00 00 00 00 00 00 00 00
17.120000,0x102,00 00 00 00 00 00 00 00
17.120000,0x200,A2 D7 07 00 00 00 00 00
17.140000,0x100,CA 00 28 00 00 00 00 00
17.140000,0x101,00 00 00 00 00 00 00 00
17.140000,0x102,00 00 00 00 00 00 00 00
17.140000,0x200,A2 D8 07 00 00 00 00 00
17.160000,0x100,CA 00 28 00 00 00 00 00
17.160000,0x101,00 00 00 00 00 00 00 00
17.160000,0x102,00 00 00 00 00 00 00 00
17.160000,0x200,A2 D9 07 00 00 00 00 00
17.180000,0x100,CA 00 28 00 00 00 00 00
17.180000,0x101,00 00 00 00 00 00 00 00
17.180000,0x102,00 00 00 00 00 00 00 00
17.180000,0x200,A2 DA 07 00 00 00 00 00
17.200000,0x100,CA 00 28 00 00 00 00 00
17.200000,0x101,00 00 00 00 00 00 00 00
17.200000,0x102,00 00 00 00 00 00 00 00
17.200000,0x200,A2 DC 07 00 00 00 00 00
17.220000,0x100,CB 00 28 00 00 00 00 00
17.220000,0x101,00 00 00 00 00 00 00 00
17.220000,0x102,00 00 00 00 00 00 00 00
17.220000,0x200,A2 DD 07 00 00 00 00 00
17.240000,0x100,CB 00 28 00 00 00 00 00
17.240000,0x101,00 00 00 00 00 00 00 00
17.240000,0x102,00 00 00 00 00 00 00 00
17.240000,0x200,A2 DE 07 00 00 00 00 00
17.260000,0x100,CB 00 28 00 00 00 00 00
17.260000,0x101,00 00 00 00 00 00 00 00
17.260000,0x102,00 00 00 00 00 00 00 00
17.260000,0x200,A2 DF 07 00 00 00 00 00
17.280000,0x100,CB 00 28 00 00 00 00 00
17.280000,0x101,00 00 00 00 00 00 00 00
17.280000,0x102,00 00 00 00 00 00 00 00
17.280000,0x200,A2 E0 07 00 00 00 00 00
17.300000,0x100,CB 00 28 00 00 00 00 00
17.300000,0x101,00 00 00 00 00 00 00 00
17.300000,0x102,00 00 00 00 00 00 00 00
17.300000,0x200,A2 E1 07 00 00 00 00 00
17.320000,0x100,CC 00 28 00 00 00 00 00
17.320000,0x101,00 00 00 00 00 00 00 00
17.320000,0x102,00 00 00 00 00 00 00 00
17.320000,0x200,A3 E2 07 00 00 00 00 00
17.340000,0x100,CC 00 28 00 00 00 00 00
17.340000,0x101,00 00 00 00 00 00 00 00
17.340000,0x102,00 00 00 00 00 00 00 00
17.340000,0x200,A3 E4 07 00 00 00 00 00
17.360000,0x100,CC 00 28 00 00 00 00 00
17.360000,0x101,00 00 00 00 00 00 00 00
17.360000,0x102,00 00 00 00 00 00 00 00
17.360000,0x200,A3 E5 07 00 00 00 00 00
17.380000,0x100,CC 00 28 00 00 00 00 00
17.380000,0x101,00 00 00 00 00 00 00 00
17.380000,0x102,00 00 00 00 00 00 00 00
17.380000,0x200,A3 E6 07 00 00 00 00 00
17.400000,0x100,CD 00 28 00 00 00 00 00
17.400000,0x101,00 00 00 00 00 00 00 00
17.400000,0x102,00 00 00 00 00 00 00 00
17.400000,0x200,A3 E7 07 00 00 00 00 00
17.420000,0x100,CD 00 28 00 00 00 00 00
17.420000,0x101,00 00 00 00 00 00 00 00
17.420000,0x102,00 00 00 00 00 00 00 00
17.420000,0x200,A3 E8 07 00 00 00 00 00
17.440000,0x100,CD 00 28 00 00 00 00 00
17.440000,0x101,00 00 00 00 00 00 00 00
17.440000,0x102,00 00 00 00 00 00 00 00
17.440000,0x200,A3 E9 07 00 00 00 00 00
17.460000,0x100,CD 00 28 00 00 00 00 00
17.460000,0x101,00 00 00 00 00 00 00 00
17.460000,0x102,00 00 00 00 00 00 00 00
17.460000,0x200,A3 EB 07 00 00 00 00 00
17.480000,0x100,CE 00 28 00 00 00 00 00
17.480000,0x101,00 00 00 00 00 00 00 00
17.480000,0x102,00 00 00 00 00 00 00 00
17.480000,0x200,A3 EC 07 00 00 00 00 00
17.500000,0x100,CE 00 28 00 00 00 00 00
17.500000,0x101,00 00 00 00 00 00 00 00
17.500000,0x102,00 00 00 00 00 00 00 00
17.500000,0x200,A3 ED 07 00 00 00 00 00
17.520000,0x100,CE 00 28 00 00 00 00 00
17.520000,0x101,00 00 00 00 00 00 00 00
17.520000,0x102,00 00 00 00 00 00 00 00
17.520000,0x200,A3 EE 07 00 00 00 00 00
17.540000,0x100,CE 00 28 00 00 00 00 00
17.540000,0x101,00 00 00 00 00 00 00 00
17.540000,0x102,00 00 00 00 00 00 00 00
17.540000,0x200,A3 EF 07 00 00 00 00 00
17.560000,0x100,CE 00 28 00 00 00 00 00
17.560000,0x101,00 00 00 00 00 00 00 00
17.560000,0x102,00 00 00 00 00 00 00 00
17.560000,0x200,A3 F0 07 00 00 00 00 00
17.580000,0x100,CF 00 28 00 00 00 00 00
17.580000,0x101,00 00 00 00 00 00 00 00
17.580000,0x102,00 00 00 00 00 00 00 00
17.580000,0x200,A3 F1 07 00 00 00 00 00
17.600000,0x100,CF 00 28 00 00 00 00 00
17.600000,0x101,00 00 00 00 00 00 00 00
17.600000,0x102,00 00 00 00 00 00 00 00
17.600000,0x200,A4 F3 07 00 00 00 00 00
17.620000,0x100,CF 00 28 00 00 00 00 00
17.620000,0x101,00 00 00 00 00 00 00 00
17.620000,0x102,00 00 00 00 00 00 00 00
17.620000,0x200,A4 F4 07 00 00 00 00 00
17.640000,0x100,CF 00 28 00 00 00 00 00
17.640000,0x101,00 00 00 00 00 00 00 00
17.640000,0x102,00 00 00 00 00 00 00 00
17.640000,0x200,A4 F5 07 00 00 00 00 00
17.660000,0x100,D0 00 28 00 00 00 00 00
17.660000,0x101,00 00 00 00 00 00 00 00
17.660000,0x102,00 00 00 00 00 00 00 00
17.660000,0x200,A4 F6 07 00 00 00 00 00
17.680000,0x100,D0 00 28 00 00 00 00 00
17.680000,0x101,00 00 00 00 00 00 00 00
17.680000,0x102,00 00 00 00 00 00 00 00
17.680000,0x200,A4 F7 07 00 00 00 00 00
17.700000,0x100,D0 00 28 00 00 00 00 00
17.700000,0x101,00 00 00 00 00 00 00 00
17.700000,0x102,00 00 00 00 00 00 00 00
17.700000,0x200,A4 F8 07 00 00 00 00 00
17.720000,0x100,D0 00 28 00 00 00 00 00
17.720000,0x101,00 00 00 00 00 00 00 00
17.720000,0x102,00 00 00 00 00 00 00 00
17.720000,0x200,A4 FA 07 00 00 00 00 00
17.740000,0x100,D1 00 28 00 00 00 00 00
17.740000,0x101,00 00 00 00 00 00 00 00
17.740000,0x102,00 00 00 00 00 00 00 00
17.740000,0x200,A4 FB 07 00 00 00 00 00
17.760000,0x100,D1 00 28 00 00 00 00 00
17.760000,0x101,00 00 00 00 00 00 00 00
17.760000,0x102,00 00 00 00 00 00 00 00
17.760000,0x200,A4 FC 07 00 00 00 00 00
17.780000,0x100,D1 00 28 00 00 00 00 00
17.780000,0x101,00 00 00 00 00 00 00 00
17.780000,0x102,00 00 00 00 00 00 00 00
17.780000,0x200,A4 FD 07 00 00 00 00 00
17.800000,0x100,D1 00 28 00 00 00 00 00
17.800000,0x101,00 00 00 00 00 00 00 00
17.800000,0x102,00 00 00 00 00 00 00 00
17.800000,0x200,A4 FE 07 00 00 00 00 00
17.820000,0x100,D1 00 28 00 00 00 00 00
17.820000,0x101,00 00 00 00 00 00 00 00
17.820000,0x102,00 00 00 00 00 00 00 00
17.820000,0x200,A4 FF 07 00 00 00 00 00
17.840000,0x100,D2 00 28 00 00 00 00 00
17.840000,0x101,00 00 00 00 00 00 00 00
17.840000,0x102,00 00 00 00 00 00 00 00
17.840000,0x200,A4 00 08 00 00 00 00 00
17.860000,0x100,D2 00 28 00 00 00 00 00
17.860000,0x101,00 00 00 00 00 00 00 00
17.860000,0x102,00 00 00 00 00 00 00 00
17.860000,0x200,A4 02 08 00 00 00 00 00
17.880000,0x100,D2 00 28 00 00 00 00 00
17.880000,0x101,00 00 00 00 00 00 00 00
17.880000,0x102,00 00 00 00 00 00 00 00
17.880000,0x200,A5 03 08 00 00 00 00 00
17.900000,0x100,D2 00 28 00 00 00 00 00
17.900000,0x101,00 00 00 00 00 00 00 00
17.900000,0x102,00 00 00 00 00 00 00 00
17.900000,0x200,A5 04 08 00 00 00 00 00
17.920000,0x100,D3 00 28 00 00 00 00 00
17.920000,0x101,00 00 00 00 00 00 00 00
17.920000,0x102,00 00 00 00 00 00 00 00
17.920000,0x200,A5 05 08 00 00 00 00 00
17.940000,0x100,D3 00 28 00 00 00 00 00
17.940000,0x101,00 00 00 00 00 00 00 00
17.940000,0x102,00 00 00 00 00 00 00 00
17.940000,0x200,A5 06 08 00 00 00 00 00
17.960000,0x100,D3 00 28 00 00 00 00 00
17.960000,0x101,00 00 00 00 00 00 00 00
17.960000,0x102,00 00 00 00 00 00 00 00
17.960000,0x200,A5 07 08 00 00 00 00 00
17.980000,0x100,D3 00 28 00 00 00 00 00
17.980000,0x101,00 00 00 00 00 00 00 00
17.980000,0x102,00 00 00 00 00 00 00 00
17.980000,0x200,A5 09 08 00 00 00 00 00
18.000000,0x100,D4 00 28 00 00 00 00 00
18.000000,0x101,00 00 00 00 00 00 00 00
18.000000,0x102,00 00 00 00 00 00 00 00
18.000000,0x200,A5 0A 08 00 00 00 00 00
18.020000,0x100,D4 00 28 00 00 00 00 00
18.020000,0x101,00 00 00 00 00 00 00 00
18.020000,0x102,00 00 00 00 00 00 00 00
18.020000,0x200,A5 0B 08 00 00 00 00 00
18.040000,0x100,D4 00 28 00 00 00 00 00
18.040000,0x101,00 00 00 00 00 00 00 00
18.040000,0x102,00 00 00 00 00 00 00 00
18.040000,0x200,A5 0C 08 00 00 00 00 00
18.060000,0x100,D4 00 28 00 00 00 00 00
18.060000,0x101,00 00 00 00 00 00 00 00
18.060000,0x102,00 00 00 00 00 00 00 00
18.060000,0x200,A5 0D 08 00 00 00 00 00
18.080000,0x100,D4 00 28 00 00 00 00 00
18.080000,0x101,00 00 00 00 00 00 00 00
18.080000,0x102,00 00 00 00 00 00 00 00
18.080000,0x200,A5 0E 08 00 00 00 00 00
18.100000,0x100,D5 00 28 00 00 00 00 00
18.100000,0x101,00 00 00 00 00 00 00 00
18.100000,0x102,00 00 00 00 00 00 00 00
18.100000,0x200,A5 0F 08 00 00 00 00 00
18.120000,0x100,D5 00 28 00 00 00 00 00
18.120000,0x101,00 00 00 00 00 00 00 00
18.120000,0x102,00 00 00 00 00 00 00 00
18.120000,0x200,A5 11 08 00 00 00 00 00
18.140000,0x100,D5 00 28 00 00 00 00 00
18.140000,0x101,00 00 00 00 00 00 00 00
18.140000,0x102,00 00 00 00 00 00 00 00
18.140000,0x200,A5 12 08 00 00 00 00 00
18.160000,0x100,D5 00 28 00 00 00 00 00
18.160000,0x101,00 00 00 00 00 00 00 00
18.160000,0x102,00 00 00 00 00 00 00 00
18.160000,0x200,A5 13 08 00 00 00 00 00
18.180000,0x100,D6 00 28 00 00 00 00 00
18.180000,0x101,00 00 00 00 00 00 00 00
18.180000,0x102,00 00 00 00 00 00 00 00
18.180000,0x200,A5 14 08 00 00 00 00 00
18.200000,0x100,D6 00 28 00 00 00 00 00
18.200000,0x101,00 00 00 00 00 00 00 00
18.200000,0x102,00 00 00 00 00 00 00 00
18.200000,0x200,A5 15 08 00 00 00 00 00
18.220000,0x100,D6 00 28 00 00 00 00 00
18.220000,0x101,00 00 00 00 00 00 00 00
18.220000,0x102,00 00 00 00 00 00 00 00
18.220000,0x200,A5 16 08 00 00 00 00 00
18.240000,0x100,D6 00 28 00 00 00 00 00
18.240000,0x101,00 00 00 00 00 00 00 00
18.240000,0x102,00 00 00 00 00 00 00 00
18.240000,0x200,A5 18 08 00 00 00 00 00
18.260000,0x100,D7 00 28 00 00 00 00 00
18.260000,0x101,00 00 00 00 00 00 00 00
18.260000,0x102,00 00 00 00 00 00 00 00
18.260000,0x200,A5 19 08 00 00 00 00 00
18.280000,0x100,D7 00 28 00 00 00 00 00
18.280000,0x101,00 00 00 00 00 00 00 00
18.280000,0x102,00 00 00 00 00 00 00 00
18.280000,0x200,A5 1A 08 00 00 00 00 00
18.300000,0x100,D7 00 28 00 00 00 00 00
18.300000,0x101,00 00 00 00 00 00 00 00
18.300000,0x102,00 00 00 00 00 00 00 00
18.300000,0x200,A5 1B 08 00 00 00 00 00
18.320000,0x100,D7 00 28 00 00 00 00 00
18.320000,0x101,00 00 00 00 00 00 00 00
18.320000,0x102,00 00 00 00 00 00 00 00
18.320000,0x200,A5 1C 08 00 00 00 00 00
18.340000,0x100,D7 00 28 00 00 00 00 00
18.340000,0x101,00 00 00 00 00 00 00 00
18.340000,0x102,00 00 00 00 00 00 00 00
18.340000,0x200,A5 1D 08 00 00 00 00 00
18.360000,0x100,D8 00 28 00 00 00 00 00
18.360000,0x101,00 00 00 00 00 00 00 00
18.360000,0x102,00 00 00 00 00 00 00 00
18.360000,0x200,A5 1E 08 00 00 00 00 00
18.380000,0x100,D8 00 28 00 00 00 00 00
18.380000,0x101,00 00 00 00 00 00 00 00
18.380000,0x102,00 00 00 00 00 00 00 00
18.380000,0x200,A5 20 08 00 00 00 00 00
18.400000,0x100,D8 00 28 00 00 00 00 00
18.400000,0x101,00 00 00 00 00 00 00 00
18.400000,0x102,00 00 00 00 00 00 00 00
18.400000,0x200,A5 21 08 00 00 00 00 00
18.420000,0x100,D8 00 28 00 00 00 00 00
18.420000,0x101,00 00 00 00 00 00 00 00
18.420000,0x102,00 00 00 00 00 00 00 00
18.420000,0x200,A5 22 08 00 00 00 00 00
18.440000,0x100,D9 00 28 00 00 00 00 00
18.440000,0x101,00 00 00 00 00 00 00 00
18.440000,0x102,00 00 00 00 00 00 00 00
18.440000,0x200,A5 23 08 00 00 00 00 00
18.460000,0x100,D9 00 28 00 00 00 00 00
18.460000,0x101,00 00 00 00 00 00 00 00
18.460000,0x102,00 00 00 00 00 00 00 00
18.460000,0x200,A5 24 08 00 00 00 00 00
18.480000,0x100,D9 00 28 00 00 00 00 00
18.480000,0x101,00 00 00 00 00 00 00 00
18.480000,0x102,00 00 00 00 00 00 00 00
18.480000,0x200,A5 25 08 00 00 00 00 00
18.500000,0x100,D9 00 28 00 00 00 00 00
18.500000,0x101,00 00 00 00 00 00 00 00
18.500000,0x102,00 00 00 00 00 00 00 00
18.500000,0x200,A5 27 08 00 00 00 00 00
18.520000,0x100,DA 00 28 00 00 00 00 00
18.520000,0x101,00 00 00 00 00 00 00 00
18.520000,0x102,00 00 00 00 00 00 00 00
18.520000,0x200,A5 28 08 00 00 00 00 00
18.540000,0x100,DA 00 28 00 00 00 00 00
18.540000,0x101,00 00 00 00 00 00 00 00
18.540000,0x102,00 00 00 00 00 00 00 00
18.540000,0x200,A5 29 08 00 00 00 00 00
18.560000,0x100,DA 00 28 00 00 00 00 00
18.560000,0x101,00 00 00 00 00 00 00 00
18.560000,0x102,00 00 00 00 00 00 00 00
18.560000,0x200,A5 2A 08 00 00 00 00 00
18.580000,0x100,DA 00 28 00 00 00 00 00
18.580000,0x101,00 00 00 00 00 00 00 00
18.580000,0x102,00 00 00 00 00 00 00 00
18.580000,0x200,A5 2B 08 00 00 00 00 00
18.600000,0x100,DA 00 28 00 00 00 00 00
18.600000,0x101,00 00 00 00 00 00 00 00
18.600000,0x102,00 00 00 00 00 00 00 00
18.600000,0x200,A5 2C 08 00 00 00 00 00
18.620000,0x100,DB 00 28 00 00 00 00 00
18.620000,0x101,00 00 00 00 00 00 00 00
18.620000,0x102,00 00 00 00 00 00 00 00
18.620000,0x200,A5 2D 08 00 00 00 00 00
18.640000,0x100,DB 00 28 00 00 00 00 00
18.640000,0x101,00 00 00 00 00 00 00 00
18.640000,0x102,00 00 00 00 00 00 00 00
18.640000,0x200,A5 2F 08 00 00 00 00 00
18.660000,0x100,DB 00 28 00 00 00 00 00
18.660000,0x101,00 00 00 00 00 00 00 00
18.660000,0x102,00 00 00 00 00 00 00 00
18.660000,0x200,A5 30 08 00 00 00 00 00
18.680000,0x100,DB 00 28 00 00 00 00 00
18.680000,0x101,00 00 00 00 00 00 00 00
18.680000,0x102,00 00 00 00 00 00 00 00
18.680000,0x200,A5 31 08 00 00 00 00 00
18.700000,0x100,DC 00 28 00 00 00 00 00
18.700000,0x101,00 00 00 00 00 00 00 00
18.700000,0x102,00 00 00 00 00 00 00 00
18.700000,0x200,A5 32 08 00 00 00 00 00
18.720000,0x100,DC 00 28 00 00 00 00 00
18.720000,0x101,00 00 00 00 00 00 00 00
18.720000,0x102,00 00 00 00 00 00 00 00
18.720000,0x200,A5 33 08 00 00 00 00 00
18.740000,0x100,DC 00 28 00 00 00 00 00
18.740000,0x101,00 00 00 00 00 00 00 00
18.740000,0x102,00 00 00 00 00 00 00 00
18.740000,0x200,A5 34 08 00 00 00 00 00
18.760000,0x100,DC 00 28 00 00 00 00 00
18.760000,0x101,00 00 00 00 00 00 00 00
18.760000,0x102,00 00 00 00 00 00 00 00
18.760000,0x200,A5 36 08 00 00 00 00 00
18.780000,0x100,DD 00 28 00 00 00 00 00
18.780000,0x101,00 00 00 00 00 00 00 00
18.780000,0x102,00 00 00 00 00 00 00 00
18.780000,0x200,A5 37 08 00 00 00 00 00
18.800000,0x100,DD 00 28 00 00 00 00 00
18.800000,0x101,00 00 00 00 00 00 00 00
18.800000,0x102,00 00 00 00 00 00 00 00
18.800000,0x200,A5 38 08 00 00 00 00 00
18.820000,0x100,DD 00 28 00 00 00 00 00
18.820000,0x101,00 00 00 00 00 00 00 00
18.820000,0x102,00 00 00 00 00 00 00 00
18.820000,0x200,A5 39 08 00 00 00 00 00
18.840000,0x100,DD 00 28 00 00 00 00 00
18.840000,0x101,00 00 00 00 00 00 00 00
18.840000,0x102,00 00 00 00 00 00 00 00
18.840000,0x200,A5 3A 08 00 00 00 00 00
18.860000,0x100,DD 00 28 00 00 00 00 00
18.860000,0x101,00 00 00 00 00 00 00 00
18.860000,0x102,00 00 00 00 00 00 00 00
18.860000,0x200,A5 3B 08 00 00 00 00 00
18.880000,0x100,DE 00 28 00 00 00 00 00
18.880000,0x101,00 00 00 00 00 00 00 00
18.880000,0x102,00 00 00 00 00 00 00 00
18.880000,0x200,A5 3C 08 00 00 00 00 00
18.900000,0x100,DE 00 28 00 00 00 00 00
18.900000,0x101,00 00 00 00 00 00 00 00
18.900000,0x102,00 00 00 00 00 00 00 00
18.900000,0x200,A5 3E 08 00 00 00 00 00
18.920000,0x100,DE 00 28 00 00 00 00 00
18.920000,0x101,00 00 00 00 00 00 00 00
18.920000,0x102,00 00 00 00 00 00 00 00
18.920000,0x200,A5 3F 08 00 00 00 00 00
18.940000,0x100,DE 00 28 00 00 00 00 00
18.940000,0x101,00 00 00 00 00 00 00 00
18.940000,0x102,00 00 00 00 00 00 00 00
18.940000,0x200,A5 40 08 00 00 00 00 00
18.960000,0x100,DF 00 28 00 00 00 00 00
18.960000,0x101,00 00 00 00 00 00 00 00
18.960000,0x102,00 00 00 00 00 00 00 00
18.960000,0x200,A5 41 08 00 00 00 00 00
18.980000,0x100,DF 00 28 00 00 00 00 00
18.980000,0x101,00 00 00 00 00 00 00 00
18.980000,0x102,00 00 00 00 00 00 00 00
18.980000,0x200,A5 42 08 00 00 00 00 00
19.000000,0x100,DF 00 28 00 00 00 00 00
19.000000,0x101,00 00 00 00 00 00 00 00
19.000000,0x102,00 00 00 00 00 00 00 00
19.000000,0x200,A5 43 08 00 00 00 00 00
19.020000,0x100,DF 00 28 00 00 00 00 00
19.020000,0x101,00 00 00 00 00 00 00 00
19.020000,0x102,00 00 00 00 00 00 00 00
19.020000,0x200,A5 45 08 00 00 00 00 00
19.040000,0x100,E0 00 28 00 00 00 00 00
19.040000,0x101,00 00 00 00 00 00 00 00
19.040000,0x102,00 00 00 00 00 00 00 00
19.040000,0x200,A5 46 08 00 00 00 00 00
19.060000,0x100,E0 00 28 00 00 00 00 00
19.060000,0x101,00 00 00 00 00 00 00 00
19.060000,0x102,00 00 00 00 00 00 00 00
19.060000,0x200,A5 47 08 00 00 00 00 00
19.080000,0x100,E0 00 28 00 00 00 00 00
19.080000,0x101,00 00 00 00 00 00 00 00
19.080000,0x102,00 00 00 00 00 00 00 00
19.080000,0x200,A5 48 08 00 00 00 00 00
19.100000,0x100,E0 00 28 00 00 00 00 00
19.100000,0x101,00 00 00 00 00 00 00 00
19.100000,0x102,00 00 00 00 00 00 00 00
19.100000,0x200,A5 49 08 00 00 00 00 00
19.120000,0x100,E0 00 28 00 00 00 00 00
19.120000,0x101,00 00 00 00 00 00 00 00
19.120000,0x102,00 00 00 00 00 00 00 00
19.120000,0x200,A5 4A 08 00 00 00 00 00
19.140000,0x100,E1 00 28 00 00 00 00 00
19.140000,0x101,00 00 00 00 00 00 00 00
19.140000,0x102,00 00 00 00 00 00 00 00
19.140000,0x200,A5 4B 08 00 00 00 00 00
19.160000,0x100,E1 00 28 00 00 00 00 00
19.160000,0x101,00 00 00 00 00 00 00 00
19.160000,0x102,00 00 00 00 00 00 00 00
19.160000,0x200,A5 4D 08 00 00 00 00 00
19.180000,0x100,E1 00 28 00 00 00 00 00
19.180000,0x101,00 00 00 00 00 00 00 00
19.180000,0x102,00 00 00 00 00 00 00 00
19.180000,0x200,A5 4E 08 00 00 00 00 00
19.200000,0x100,E1 00 28 00 00 00 00 00
19.200000,0x101,00 00 00 00 00 00 00 00
19.200000,0x102,00 00 00 00 00 00 00 00
19.200000,0x200,A5 4F 08 00 00 00 00 00
19.220000,0x100,E2 00 28 00 00 00 00 00
19.220000,0x101,00 00 00 00 00 00 00 00
19.220000,0x102,00 00 00 00 00 00 00 00
19.220000,0x200,A5 50 08 00 00 00 00 00
19.240000,0x100,E2 00 28 00 00 00 00 00
19.240000,0x101,00 00 00 00 00 00 00 00
19.240000,0x102,00 00 00 00 00 00 00 00
19.240000,0x200,A5 51 08 00 00 00 00 00
19.260000,0x100,E2 00 28 00 00 00 00 00
19.260000,0x101,00 00 00 00 00 00 00 00
19.260000,0x102,00 00 00 00 00 00 00 00
19.260000,0x200,A5 52 08 00 00 00 00 00
19.280000,0x100,E2 00 28 00 00 00 00 00
19.280000,0x101,00 00 00 00 00 00 00 00
19.280000,0x102,00 00 00 00 00 00 00 00
19.280000,0x200,A5 54 08 00 00 00 00 00
19.300000,0x100,E3 00 28 00 00 00 00 00
19.300000,0x101,00 00 00 00 00 00 00 00
19.300000,0x102,00 00 00 00 00 00 00 00
19.300000,0x200,A5 55 08 00 00 00 00 00
19.320000,0x100,E3 00 28 00 00 00 00 00
19.320000,0x101,00 00 00 00 00 00 00 00
19.320000,0x102,00 00 00 00 00 00 00 00
19.320000,0x200,A5 56 08 00 00 00 00 00
19.340000,0x100,E3 00 28 00 00 00 00 00
19.340000,0x101,00 00 00 00 00 00 00 00
19.340000,0x102,00 00 00 00 00 00 00 00
19.340000,0x200,A5 57 08 00 00 00 00 00
19.360000,0x100,E3 00 28 00 00 00 00 00
19.360000,0x101,00 00 00 00 00 00 00 00
19.360000,0x102,00 00 00 00 00 00 00 00
19.360000,0x200,A5 58 08 00 00 00 00 00
19.380000,0x100,E3 00 28 00 00 00 00 00
19.380000,0x101,00 00 00 00 00 00 00 00
19.380000,0x102,00 00 00 00 00 00 00 00
19.380000,0x200,A5 59 08 00 00 00 00 00
19.400000,0x100,E4 00 28 00 00 00 00 00
19.400000,0x101,00 00 00 00 00 00 00 00
19.400000,0x102,00 00 00 00 00 00 00 00
19.400000,0x200,A5 5A 08 00 00 00 00 00
19.420000,0x100,E4 00 28 00 00 00 00 00
19.420000,0x101,00 00 00 00 00 00 00 00
19.420000,0x102,00 00 00 00 00 00 00 00
19.420000,0x200,A5 5C 08 00 00 00 00 00
19.440000,0x100,E4 00 28 00 00 00 00 00
19.440000,0x101,00 00 00 00 00 00 00 00
19.440000,0x102,00 00 00 00 00 00 00 00
19.440000,0x200,A5 5D 08 00 00 00 00 00
19.460000,0x100,E4 00 28 00 00 00 00 00
19.460000,0x101,00 00 00 00 00 00 00 00
19.460000,0x102,00 00 00 00 00 00 00 00
19.460000,0x200,A5 5E 08 00 00 00 00 00
19.480000,0x100,E5 00 28 00 00 00 00 00
19.480000,0x101,00 00 00 00 00 00 00 00
19.480000,0x102,00 00 00 00 00 00 00 00
19.480000,0x200,A5 5F 08 00 00 00 00 00
19.500000,0x100,E5 00 28 00 00 00 00 00
19.500000,0x101,00 00 00 00 00 00 00 00
19.500000,0x102,00 00 00 00 00 00 00 00
19.500000,0x200,A5 60 08 00 00 00 00 00
19.520000,0x100,E5 00 28 00 00 00 00 00
19.520000,0x101,00 00 00 00 00 00 00 00
19.520000,0x102,00 00 00 00 00 00 00 00
19.520000,0x200,A5 61 08 00 00 00 00 00
19.540000,0x100,E5 00 28 00 00 00 00 00
19.540000,0x101,00 00 00 00 00 00 00 00
19.540000,0x102,00 00 00 00 00 00 00 00
19.540000,0x200,A5 63 08 00 00 00 00 00
19.560000,0x100,E6 00 28 00 00 00 00 00
19.560000,0x101,00 00 00 00 00 00 00 00
19.560000,0x102,00 00 00 00 00 00 00 00
19.560000,0x200,A5 64 08 00 00 00 00 00
19.580000,0x100,E6 00 28 00 00 00 00 00
19.580000,0x101,00 00 00 00 00 00 00 00
19.580000,0x102,00 00 00 00 00 00 00 00
19.580000,0x200,A5 65 08 00 00 00 00 00
19.600000,0x100,E6 00 28 00 00 00 00 00
19.600000,0x101,00 00 00 00 00 00 00 00
19.600000,0x102,00 00 00 00 00 00 00 00
19.600000,0x200,A5 66 08 00 00 00 00 00
19.620000,0x100,E6 00 28 00 00 00 00 00
19.620000,0x101,00 00 00 00 00 00 00 00
19.620000,0x102,00 00 00 00 00 00 00 00
19.620000,0x200,A5 67 08 00 00 00 00 00
19.640000,0x100,E6 00 28 00 00 00 00 00
19.640000,0x101,00 00 00 00 00 00 00 00
19.640000,0x102,00 00 00 00 00 00 00 00
19.640000,0x200,A5 68 08 00 00 00 00 00
19.660000,0x100,E7 00 28 00 00 00 00 00
19.660000,0x101,00 00 00 00 00 00 00 00
19.660000,0x102,00 00 00 00 00 00 00 00
19.660000,0x200,A5 69 08 00 00 00 00 00
19.680000,0x100,E7 00 28 00 00 00 00 00
19.680000,0x101,00 00 00 00 00 00 00 00
19.680000,0x102,00 00 00 00 00 00 00 00
19.680000,0x200,A5 6B 08 00 00 00 00 00
19.700000,0x100,E7 00 28 00 00 00 00 00
19.700000,0x101,00 00 00 00 00 00 00 00
19.700000,0x102,00 00 00 00 00 00 00 00
19.700000,0x200,A5 6C 08 00 00 00 00 00
19.720000,0x100,E7 00 28 00 00 00 00 00
19.720000,0x101,00 00 00 00 00 00 00 00
19.720000,0x102,00 00 00 00 00 00 00 00
19.720000,0x200,A5 6D 08 00 00 00 00 00
19.740000,0x100,E8 00 28 00 00 00 00 00
19.740000,0x101,00 00 00 00 00 00 00 00
19.740000,0x102,00 00 00 00 00 00 00 00
19.740000,0x200,A5 6E 08 00 00 00 00 00
19.760000,0x100,E8 00 28 00 00 00 00 00
19.760000,0x101,00 00 00 00 00 00 00 00
19.760000,0x102,00 00 00 00 00 00 00 00
19.760000,0x200,A5 6F 08 00 00 00 00 00
19.780000,0x100,E8 00 28 00 00 00 00 00
19.780000,0x101,00 00 00 00 00 00 00 00
19.780000,0x102,00 00 00 00 00 00 00 00
19.780000,0x200,A5 70 08 00 00 00 00 00
19.800000,0x100,E8 00 28 00 00 00 00 00
19.800000,0x101,00 00 00 00 00 00 00 00
19.800000,0x102,00 00 00 00 00 00 00 00
19.800000,0x200,A5 72 08 00 00 00 00 00
19.820000,0x100,E9 00 28 00 00 00 00 00
19.820000,0x101,00 00 00 00 00 00 00 00
19.820000,0x102,00 00 00 00 00 00 00 00
19.820000,0x200,A5 73 08 00 00 00 00 00
19.840000,0x100,E9 00 28 00 00 00 00 00
19.840000,0x101,00 00 00 00 00 00 00 00
19.840000,0x102,00 00 00 00 00 00 00 00
19.840000,0x200,A5 74 08 00 00 00 00 00
19.860000,0x100,E9 00 28 00 00 00 00 00
19.860000,0x101,00 00 00 00 00 00 00 00
19.860000,0x102,00 00 00 00 00 00 00 00
19.860000,0x200,A5 75 08 00 00 00 00 00
19.880000,0x100,E9 00 28 00 00 00 00 00
19.880000,0x101,00 00 00 00 00 00 00 00
19.880000,0x102,00 00 00 00 00 00 00 00
19.880000,0x200,A5 76 08 00 00 00 00 00
19.900000,0x100,E9 00 28 00 00 00 00 00
19.900000,0x101,00 00 00 00 00 00 00 00
19.900000,0x102,00 00 00 00 00 00 00 00
19.900000,0x200,A5 77 08 00 00 00 00 00
19.920000,0x100,EA 00 28 00 00 00 00 00
19.920000,0x101,00 00 00 00 00 00 00 00
19.920000,0x102,00 00 00 00 00 00 00 00
19.920000,0x200,A5 78 08 00 00 00 00 00
19.940000,0x100,EA 00 28 00 00 00 00 00
19.940000,0x101,00 00 00 00 00 00 00 00
19.940000,0x102,00 00 00 00 00 00 00 00
19.940000,0x200,A5 7A 08 00 00 00 00 00
19.960000,0x100,EA 00 28 00 00 00 00 00
19.960000,0x101,00 00 00 00 00 00 00 00
19.960000,0x102,00 00 00 00 00 00 00 00
19.960000,0x200,A5 7B 08 00 00 00 00 00
19.980000,0x100,EA 00 28 00 00 00 00 00
19.980000,0x101,00 00 00 00 00 00 00 00
19.980000,0x102,00 00 00 00 00 00 00 00
19.980000,0x200,A5 7C 08 00 00 00 00 00
20.000000,0x100,EB 00 28 00 00 00 00 00
20.000000,0x101,00 00 00 00 00 00 00 00
20.000000,0x102,00 00 00 00 00 00 00 00
20.000000,0x200,A5 7D 08 00 00 00 00 00
20.020000,0x100,EB 00 28 00 00 00 00 00
20.020000,0x101,00 00 00 00 00 00 00 00
20.020000,0x102,00 00 00 00 00 00 00 00
20.020000,0x200,A5 7E 08 00 00 00 00 00
20.040000,0x100,EB 00 28 00 00 00 00 00
20.040000,0x101,00 00 00 00 00 00 00 00
20.040000,0x102,00 00 00 00 00 00 00 00
20.040000,0x200,A5 7F 08 00 00 00 00 00
20.060000,0x100,EB 00 28 00 00 00 00 00
20.060000,0x101,00 00 00 00 00 00 00 00
20.060000,0x102,00 00 00 00 00 00 00 00
20.060000,0x200,A5 81 08 00 00 00 00 00
20.080000,0x100,EC 00 28 00 00 00 00 00
20.080000,0x101,00 00 00 00 00 00 00 00
20.080000,0x102,00 00 00 00 00 00 00 00
20.080000,0x200,A5 82 08 00 00 00 00 00
20.100000,0x100,EC 00 28 00 00 00 00 00
20.100000,0x101,00 00 00 00 00 00 00 00
20.100000,0x102,00 00 00 00 00 00 00 00
20.100000,0x200,A5 83 08 00 00 00 00 00
20.120000,0x100,EC 00 28 00 00 00 00 00
20.120000,0x101,00 00 00 00 00 00 00 00
20.120000,0x102,00 00 00 00 00 00 00 00
20.120000,0x200,A5 84 08 00 00 00 00 00
20.140000,0x100,EC 00 28 00 00 00 00 00
20.140000,0x101,00 00 00 00 00 00 00 00
20.140000,0x102,00 00 00 00 00 00 00 00
20.140000,0x200,A5 85 08 00 00 00 00 00
20.160000,0x100,EC 00 28 00 00 00 00 00
20.160000,0x101,00 00 00 00 00 00 00 00
20.160000,0x102,00 00 00 00 00 00 00 00
20.160000,0x200,A5 86 08 00 00 00 00 00
20.180000,0x100,ED 00 28 00 00 00 00 00
20.180000,0x101,00 00 00 00 00 00 00 00
20.180000,0x102,00 00 00 00 00 00 00 00
20.180000,0x200,A5 87 08 00 00 00 00 00
20.200000,0x100,ED 00 28 00 00 00 00 00
20.200000,0x101,00 00 00 00 00 00 00 00
20.200000,0x102,00 00 00 00 00 00 00 00
20.200000,0x200,A5 89 08 00 00 00 00 00
20.220000,0x100,ED 00 28 00 00 00 00 00
20.220000,0x101,00 00 00 00 00 00 00 00
20.220000,0x102,00 00 00 00 00 00 00 00
20.220000,0x200,A5 8A 08 00 00 00 00 00
20.240000,0x100,ED 00 28 00 00 00 00 00
20.240000,0x101,00 00 00 00 00 00 00 00
20.240000,0x102,00 00 00 00 00 00 00 00
20.240000,0x200,A5 8B 08 00 00 00 00 00
20.260000,0x100,EE 00 28 00 00 00 00 00
20.260000,0x101,00 00 00 00 00 00 00 00
20.260000,0x102,00 00 00 00 00 00 00 00
20.260000,0x200,A5 8C 08 00 00 00 00 00
20.280000,0x100,EE 00 28 00 00 00 00 00
20.280000,0x101,00 00 00 00 00 00 00 00
20.280000,0x102,00 00 00 00 00 00 00 00
20.280000,0x200,A5 8D 08 00 00 00 00 00
20.300000,0x100,EE 00 28 00 00 00 00 00
20.300000,0x101,00 00 00 00 00 00 00 00
20.300000,0x102,00 00 00 00 00 00 00 00
20.300000,0x200,A5 8E 08 00 00 00 00 00
20.320000,0x100,EE 00 28 00 00 00 00 00
20.320000,0x101,00 00 00 00 00 00 00 00
20.320000,0x102,00 00 00 00 00 00 00 00
20.320000,0x200,A5 90 08 00 00 00 00 00
20.340000,0x100,EF 00 28 00 00 00 00 00
20.340000,0x101,00 00 00 00 00 00 00 00
20.340000,0x102,00 00 00 00 00 00 00 00
20.340000,0x200,A5 91 08 00 00 00 00 00
20.360000,0x100,EF 00 28 00 00 00 00 00
20.360000,0x101,00 00 00 00 00 00 00 00
20.360000,0x102,00 00 00 00 00 00 00 00
20.360000,0x200,A5 92 08 00 00 00 00 00
20.380000,0x100,EF 00 28 00 00 00 00 00
20.380000,0x101,00 00 00 00 00 00 00 00
20.380000,0x102,00 00 00 00 00 00 00 00
20.380000,0x200,A5 93 08 00 00 00 00 00
20.400000,0x100,EF 00 28 00 00 00 00 00
20.400000,0x101,00 00 00 00 00 00 00 00
20.400000,0x102,00 00 00 00 00 00 00 00
20.400000,0x200,A5 94 08 00 00 00 00 00
20.420000,0x100,EF 00 28 00 00 00 00 00
20.420000,0x101,00 00 00 00 00 00 00 00
20.420000,0x102,00 00 00 00 00 00 00 00
20.420000,0x200,A5 95 08 00 00 00 00 00
20.440000,0x100,F0 00 28 00 00 00 00 00
20.440000,0x101,00 00 00 00 00 00 00 00
20.440000,0x102,00 00 00 00 00 00 00 00
20.440000,0x200,A5 96 08 00 00 00 00 00
20.460000,0x100,F0 00 28 00 00 00 00 00
20.460000,0x101,00 00 00 00 00 00 00 00
20.460000,0x102,00 00 00 00 00 00 00 00
20.460000,0x200,A5 98 08 00 00 00 00 00
20.480000,0x100,F0 00 28 00 00 00 00 00
20.480000,0x101,00 00 00 00 00 00 00 00
20.480000,0x102,00 00 00 00 00 00 00 00
20.480000,0x200,A5 99 08 00 00 00 00 00
20.500000,0x100,F0 00 28 00 00 00 00 00
20.500000,0x101,00 00 00 00 00 00 00 00
20.500000,0x102,00 00 00 00 00 00 00 00
20.500000,0x200,A5 9A 08 00 00 00 00 00
20.520000,0x100,F1 00 28 00 00 00 00 00
20.520000,0x101,00 00 00 00 00 00 00 00
20.520000,0x102,00 00 00 00 00 00 00 00
20.520000,0x200,A5 9B 08 00 00 00 00 00
20.540000,0x100,F1 00 28 00 00 00 00 00
20.540000,0x101,00 00 00 00 00 00 00 00
20.540000,0x102,00 00 00 00 00 00 00 00
20.540000,0x200,A5 9C 08 00 00 00 00 00
20.560000,0x100,F1 00 28 00 00 00 00 00
20.560000,0x101,00 00 00 00 00 00 00 00
20.560000,0x102,00 00 00 00 00 00 00 00
20.560000,0x200,A5 9D 08 00 00 00 00 00
20.580000,0x100,F1 00 28 00 00 00 00 00
20.580000,0x101,00 00 00 00 00 00 00 00
20.580000,0x102,00 00 00 00 00 00 00 00
20.580000,0x200,A5 9F 08 00 00 00 00 00
20.600000,0x100,F2 00 28 00 00 00 00 00
20.600000,0x101,00 00 00 00 00 00 00 00
20.600000,0x102,00 00 00 00 00 00 00 00
20.600000,0x200,A5 A0 08 00 00 00 00 00
20.620000,0x100,F2 00 28 00 00 00 00 00
20.620000,0x101,00 00 00 00 00 00 00 00
20.620000,0x102,00 00 00 00 00 00 00 00
20.620000,0x200,A5 A1 08 00 00 00 00 00
20.640000,0x100,F2 00 28 00 00 00 00 00
20.640000,0x101,00 00 00 00 00 00 00 00
20.640000,0x102,00 00 00 00 00 00 00 00
20.640000,0x200,A5 A2 08 00 00 00 00 00
20.660000,0x100,F2 00 28 00 00 00 00 00
20.660000,0x101,00 00 00 00 00 00 00 00
20.660000,0x102,00 00 00 00 00 00 00 00
20.660000,0x200,A5 A3 08 00 00 00 00 00
20.680000,0x100,F2 00 28 00 00 00 00 00
20.680000,0x101,00 00 00 00 00 00 00 00
20.680000,0x102,00 00 00 00 00 00 00 00
20.680000,0x200,A5 A4 08 00 00 00 00 00
20.700000,0x100,F3 00 28 00 00 00 00 00
20.700000,0x101,00 00 00 00 00 00 00 00
20.700000,0x102,00 00 00 00 00 00 00 00
20.700000,0x200,A5 A5 08 00 00 00 00 00
20.720000,0x100,F3 00 28 00 00 00 00 00
20.720000,0x101,00 00 00 00 00 00 00 00
20.720000,0x102,00 00 00 00 00 00 00 00
20.720000,0x200,A5 A7 08 00 00 00 00 00
20.740000,0x100,F3 00 28 00 00 00 00 00
20.740000,0x101,00 00 00 00 00 00 00 00
20.740000,0x102,00 00 00 00 00 00 00 00
20.740000,0x200,A5 A8 08 00 00 00 00 00
20.760000,0x100,F3 00 28 00 00 00 00 00
20.760000,0x101,00 00 00 00 00 00 00 00
20.760000,0x102,00 00 00 00 00 00 00 00
20.760000,0x200,A5 A9 08 00 00 00 00 00
20.780000,0x100,F4 00 28 00 00 00 00 00
20.780000,0x101,00 00 00 00 00 00 00 00
20.780000,0x102,00 00 00 00 00 00 00 00
20.780000,0x200,A5 AA 08 00 00 00 00 00
20.800000,0x100,F4 00 28 00 00 00 00 00
20.800000,0x101,00 00 00 00 00 00 00 00
20.800000,0x102,00 00 00 00 00 00 00 00
20.800000,0x200,A5 AB 08 00 00 00 00 00
20.820000,0x100,F4 00 28 00 00 00 00 00
20.820000,0x101,00 00 00 00 00 00 00 00
20.820000,0x102,00 00 00 00 00 00 00 00
20.820000,0x200,A5 AC 08 00 00 00 00 00
20.840000,0x100,F4 00 28 00 00 00 00 00
20.840000,0x101,00 00 00 00 00 00 00 00
20.840000,0x102,00 00 00 00 00 00 00 00
20.840000,0x200,A5 AE 08 00 00 00 00 00
20.860000,0x100,F5 00 28 00 00 00 00 00
20.860000,0x101,00 00 00 00 00 00 00 00
20.860000,0x102,00 00 00 00 00 00 00 00
20.860000,0x200,A5 AF 08 00 00 00 00 00
20.880000,0x100,F5 00 28 00 00 00 00 00
20.880000,0x101,00 00 00 00 00 00 00 00
20.880000,0x102,00 00 00 00 00 00 00 00
20.880000,0x200,A5 B0 08 00 00 00 00 00
20.900000,0x100,F5 00 28 00 00 00 00 00
20.900000,0x101,00 00 00 00 00 00 00 00
20.900000,0x102,00 00 00 00 00 00 00 00
20.900000,0x200,A5 B1 08 00 00 00 00 00
20.920000,0x100,F5 00 28 00 00 00 00 00
20.920000,0x101,00 00 00 00 00 00 00 00
20.920000,0x102,00 00 00 00 00 00 00 00
20.920000,0x200,A5 B2 08 00 00 00 00 00
20.940000,0x100,F5 00 28 00 00 00 00 00
20.940000,0x101,00 00 00 00 00 00 00 00
20.940000,0x102,00 00 00 00 00 00 00 00
20.940000,0x200,A5 B3 08 00 00 00 00 00
20.960000,0x100,F6 00 28 00 00 00 00 00
20.960000,0x101,00 00 00 00 00 00 00 00
20.960000,0x102,00 00 00 00 00 00 00 00
20.960000,0x200,A5 B4 08 00 00 00 00 00
20.980000,0x100,F6 00 28 00 00 00 00 00
20.980000,0x101,00 00 00 00 00 00 00 00
20.980000,0x102,00 00 00 00 00 00 00 00
20.980000,0x200,A5 B6 08 00 00 00 00 00
21.000000,0x100,F6 00 28 00 00 00 00 00
21.000000,0x101,00 00 00 00 00 00 00 00
21.000000,0x102,00 00 00 00 00 00 00 00
21.000000,0x200,A5 B7 08 00 00 00 00 00
21.020000,0x100,F6 00 28 00 00 00 00 00
21.020000,0x101,00 00 00 00 00 00 00 00
21.020000,0x102,00 00 00 00 00 00 00 00
21.020000,0x200,A5 B8 08 00 00 00 00 00
21.040000,0x100,F7 00 28 00 00 00 00 00
21.040000,0x101,00 00 00 00 00 00 00 00
21.040000,0x102,00 00 00 00 00 00 00 00
21.040000,0x200,A5 B9 08 00 00 00 00 00
21.060000,0x100,F7 00 28 00 00 00 00 00
21.060000,0x101,00 00 00 00 00 00 00 00
21.060000,0x102,00 00 00 00 00 00 00 00
21.060000,0x200,A5 BA 08 00 00 00 00 00
21.080000,0x100,F7 00 28 00 00 00 00 00
21.080000,0x101,00 00 00 00 00 00 00 00
21.080000,0x102,00 00 00 00 00 00 00 00
21.080000,0x200,A5 BB 08 00 00 00 00 00
21.100000,0x100,F7 00 28 00 00 00 00 00
21.100000,0x101,00 00 00 00 00 00 00 00
21.100000,0x102,00 00 00 00 00 00 00 00
21.100000,0x200,A5 BD 08 00 00 00 00 00
21.120000,0x100,F8 00 28 00 00 00 00 00
21.120000,0x101,00 00 00 00 00 00 00 00
21.120000,0x102,00 00 00 00 00 00 00 00
21.120000,0x200,A5 BE 08 00 00 00 00 00
21.140000,0x100,F8 00 28 00 00 00 00 00
21.140000,0x101,00 00 00 00 00 00 00 00
21.140000,0x102,00 00 00 00 00 00 00 00
21.140000,0x200,A5 BF 08 00 00 00 00 00
21.160000,0x100,F8 00 28 00 00 00 00 00
21.160000,0x101,00 00 00 00 00 00 00 00
21.160000,0x102,00 00 00 00 00 00 00 00
21.160000,0x200,A5 C0 08 00 00 00 00 00
21.180000,0x100,F8 00 28 00 00 00 00 00
21.180000,0x101,00 00 00 00 00 00 00 00
21.180000,0x102,00 00 00 00 00 00 00 00
21.180000,0x200,A5 C1 08 00 00 00 00 00
21.200000,0x100,F8 00 28 00 00 00 00 00
21.200000,0x101,00 00 00 00 00 00 00 00
21.200000,0x102,00 00 00 00 00 00 00 00
21.200000,0x200,A5 C2 08 00 00 00 00 00
21.220000,0x100,F9 00 28 00 00 00 00 00
21.220000,0x101,00 00 00 00 00 00 00 00
21.220000,0x102,00 00 00 00 00 00 00 00
21.220000,0x200,A5 C3 08 00 00 00 00 00
21.240000,0x100,F9 00 28 00 00 00 00 00
21.240000,0x101,00 00 00 00 00 00 00 00
21.240000,0x102,00 00 00 00 00 00 00 00
21.240000,0x200,A5 C5 08 00 00 00 00 00
21.260000,0x100,F9 00 28 00 00 00 00 00
21.260000,0x101,00 00 00 00 00 00 00 00
21.260000,0x102,00 00 00 00 00 00 00 00
21.260000,0x200,A5 C6 08 00 00 00 00 00
21.280000,0x100,F9 00 28 00 00 00 00 00
21.280000,0x101,00 00 00 00 00 00 00 00
21.280000,0x102,00 00 00 00 00 00 00 00
21.280000,0x200,A5 C7 08 00 00 00 00 00
21.300000,0x100,FA 00 28 00 00 00 00 00
21.300000,0x101,00 00 00 00 00 00 00 00
21.300000,0x102,00 00 00 00 00 00 00 00
21.300000,0x200,A5 C8 08 00 00 00 00 00
21.320000,0x100,FA 00 28 00 00 00 00 00
21.320000,0x101,00 00 00 00 00 00 00 00
21.320000,0x102,00 00 00 00 00 00 00 00
21.320000,0x200,A5 C9 08 00 00 00 00 00
21.340000,0x100,FA 00 28 00 00 00 00 00
21.340000,0x101,00 00 00 00 00 00 00 00
21.340000,0x102,00 00 00 00 00 00 00 00
21.340000,0x200,A5 CA 08 00 00 00 00 00
21.360000,0x100,FA 00 28 00 00 00 00 00
21.360000,0x101,00 00 00 00 00 00 00 00
21.360000,0x102,00 00 00 00 00 00 00 00
21.360000,0x200,A5 CC 08 00 00 00 00 00
21.380000,0x100,FB 00 28 00 00 00 00 00
21.380000,0x101,00 00 00 00 00 00 00 00
21.380000,0x102,00 00 00 00 00 00 00 00
21.380000,0x200,A5 CD 08 00 00 00 00 00
21.400000,0x100,FB 00 28 00 00 00 00 00
21.400000,0x101,00 00 00 00 00 00 00 00
21.400000,0x102,00 00 00 00 00 00 00 00
21.400000,0x200,A5 CE 08 00 00 00 00 00
21.420000,0x100,FB 00 28 00 00 00 00 00
21.420000,0x101,00 00 00 00 00 00 00 00
21.420000,0x102,00 00 00 00 00 00 00 00
21.420000,0x200,A5 CF 08 00 00 00 00 00
21.440000,0x100,FB 00 28 00 00 00 00 00
21.440000,0x101,00 00 00 00 00 00 00 00
21.440000,0x102,00 00 00 00 00 00 00 00
21.440000,0x200,A5 D0 08 00 00 00 00 00
21.460000,0x100,FB 00 28 00 00 00 00 00
21.460000,0x101,00 00 00 00 00 00 00 00
21.460000,0x102,00 00 00 00 00 00 00 00
21.460000,0x200,A5 D1 08 00 00 00 00 00
21.480000,0x100,FC 00 28 00 00 00 00 00
21.480000,0x101,00 00 00 00 00 00 00 00
21.480000,0x102,00 00 00 00 00 00 00 00
21.480000,0x200,A5 D2 08 00 00 00 00 00
21.500000,0x100,FC 00 28 00 00 00 00 00
21.500000,0x101,00 00 00 00 00 00 00 00
21.500000,0x102,00 00 00 00 00 00 00 00
21.500000,0x200,A5 D4 08 00 00 00 00 00
21.520000,0x100,FC 00 28 00 00 00 00 00
21.520000,0x101,00 00 00 00 00 00 00 00
21.520000,0x102,00 00 00 00 00 00 00 00
21.520000,0x200,A5 D5 08 00 00 00 00 00
21.540000,0x100,FC 00 28 00 00 00 00 00
21.540000,0x101,00 00 00 00 00 00 00 00
21.540000,0x102,00 00 00 00 00 00 00 00
21.540000,0x200,A5 D6 08 00 00 00 00 00
21.560000,0x100,FD 00 28 00 00 00 00 00
21.560000,0x101,00 00 00 00 00 00 00 00
21.560000,0x102,00 00 00 00 00 00 00 00
21.560000,0x200,A5 D7 08 00 00 00 00 00
21.580000,0x100,FD 00 28 00 00 00 00 00
21.580000,0x101,00 00 00 00 00 00 00 00
21.580000,0x102,00 00 00 00 00 00 00 00
21.580000,0x200,A5 D8 08 00 00 00 00 00
21.600000,0x100,FD 00 28 00 00 00 00 00
21.600000,0x101,00 00 00 00 00 00 00 00
21.600000,0x102,00 00 00 00 00 00 00 00
21.600000,0x200,A5 D9 08 00 00 00 00 00
21.620000,0x100,FD 00 28 00 00 00 00 00
21.620000,0x101,00 00 00 00 00 00 00 00
21.620000,0x102,00 00 00 00 00 00 00 00
21.620000,0x200,A5 DB 08 00 00 00 00 00
21.640000,0x100,FE 00 28 00 00 00 00 00
21.640000,0x101,00 00 00 00 00 00 00 00
21.640000,0x102,00 00 00 00 00 00 00 00
21.640000,0x200,A5 DC 08 00 00 00 00 00
21.660000,0x100,FE 00 28 00 00 00 00 00
21.660000,0x101,00 00 00 00 00 00 00 00
21.660000,0x102,00 00 00 00 00 00 00 00
21.660000,0x200,A5 DD 08 00 00 00 00 00
21.680000,0x100,FE 00 28 00 00 00 00 00
21.680000,0x101,00 00 00 00 00 00 00 00
21.680000,0x102,00 00 00 00 00 00 00 00
21.680000,0x200,A5 DE 08 00 00 00 00 00
21.700000,0x100,FE 00 28 00 00 00 00 00
21.700000,0x101,00 00 00 00 00 00 00 00
21.700000,0x102,00 00 00 00 00 00 00 00
21.700000,0x200,A5 DF 08 00 00 00 00 00
21.720000,0x100,FE 00 28 00 00 00 00 00
21.720000,0x101,00 00 00 00 00 00 00 00
21.720000,0x102,00 00 00 00 00 00 00 00
21.720000,0x200,A5 E0 08 00 00 00 00 00
21.740000,0x100,FF 00 28 00 00 00 00 00
21.740000,0x101,00 00 00 00 00 00 00 00
21.740000,0x102,00 00 00 00 00 00 00 00
21.740000,0x200,A5 E1 08 00 00 00 00 00
21.760000,0x100,FF 00 28 00 00 00 00 00
21.760000,0x101,00 00 00 00 00 00 00 00
21.760000,0x102,00 00 00 00 00 00 00 00
21.760000,0x200,A5 E3 08 00 00 00 00 00
21.780000,0x100,FF 00 28 00 00 00 00 00
21.780000,0x101,00 00 00 00 00 00 00 00
21.780000,0x102,00 00 00 00 00 00 00 00
21.780000,0x200,A5 E4 08 00 00 00 00 00
21.800000,0x100,FF 00 28 00 00 00 00 00
21.800000,0x101,00 00 00 00 00 00 00 00
21.800000,0x102,00 00 00 00 00 00 00 00
21.800000,0x200,A5 E5 08 00 00 00 00 00
21.820000,0x100,00 01 28 00 00 00 00 00
21.820000,0x101,00 00 00 00 00 00 00 00
21.820000,0x102,00 00 00 00 00 00 00 00
21.820000,0x200,A5 E6 08 00 00 00 00 00
21.840000,0x100,00 01 28 00 00 00 00 00
21.840000,0x101,00 00 00 00 00 00 00 00
21.840000,0x102,00 00 00 00 00 00 00 00
21.840000,0x200,A5 E7 08 00 00 00 00 00
21.860000,0x100,00 01 28 00 00 00 00 00
21.860000,0x101,00 00 00 00 00 00 00 00
21.860000,0x102,00 00 00 00 00 00 00 00
21.860000,0x200,A5 E8 08 00 00 00 00 00
21.880000,0x100,00 01 28 00 00 00 00 00
21.880000,0x101,00 00 00 00 00 00 00 00
21.880000,0x102,00 00 00 00 00 00 00 00
21.880000,0x200,A5 EA 08 00 00 00 00 00
21.900000,0x100,01 01 28 00 00 00 00 00
21.900000,0x101,00 00 00 00 00 00 00 00
21.900000,0x102,00 00 00 00 00 00 00 00
21.900000,0x200,A5 EB 08 00 00 00 00 00
21.920000,0x100,01 01 28 00 00 00 00 00
21.920000,0x101,00 00 00 00 00 00 00 00
21.920000,0x102,00 00 00 00 00 00 00 00
21.920000,0x200,A5 EC 08 00 00 00 00 00
21.940000,0x100,01 01 28 00 00 00 00 00
21.940000,0x101,00 00 00 00 00 00 00 00
21.940000,0x102,00 00 00 00 00 00 00 00
21.940000,0x200,A5 ED 08 00 00 00 00 00
21.960000,0x100,01 01 28 00 00 00 00 00
21.960000,0x101,00 00 00 00 00 00 00 00
21.960000,0x102,00 00 00 00 00 00 00 00
21.960000,0x200,A5 EE 08 00 00 00 00 00
21.980000,0x100,01 01 28 00 00 00 00 00
21.980000,0x101,00 00 00 00 00 00 00 00
21.980000,0x102,00 00 00 00 00 00 00 00
21.980000,0x200,A5 EF 08 00 00 00 00 00
22.000000,0x100,02 01 28 00 00 00 00 00
22.000000,0x101,00 00 00 00 00 00 00 00
22.000000,0x102,00 00 00 00 00 00 00 00
22.000000,0x200,A5 F0 08 00 00 00 00 00
22.020000,0x100,02 01 28 00 00 00 00 00
22.020000,0x101,00 00 00 00 00 00 00 00
22.020000,0x102,00 00 00 00 00 00 00 00
22.020000,0x200,A5 F2 08 00 00 00 00 00
22.040000,0x100,02 01 28 00 00 00 00 00
22.040000,0x101,00 00 00 00 00 00 00 00
22.040000,0x102,00 00 00 00 00 00 00 00
22.040000,0x200,A5 F3 08 00 00 00 00 00
22.060000,0x100,02 01 28 00 00 00 00 00
22.060000,0x101,00 00 00 00 00 00 00 00
22.060000,0x102,00 00 00 00 00 00 00 00
22.060000,0x200,A5 F4 08 00 00 00 00 00
22.080000,0x100,03 01 28 00 00 00 00 00
22.080000,0x101,00 00 00 00 00 00 00 00
22.080000,0x102,00 00 00 00 00 00 00 00
22.080000,0x200,A5 F5 08 00 00 00 00 00
22.100000,0x100,03 01 28 00 00 00 00 00
22.100000,0x101,00 00 00 00 00 00 00 00
22.100000,0x102,00 00 00 00 00 00 00 00
22.100000,0x200,A5 F6 08 00 00 00 00 00
22.120000,0x100,03 01 28 00 00 00 00 00
22.120000,0x101,00 00 00 00 00 00 00 00
22.120000,0x102,00 00 00 00 00 00 00 00
22.120000,0x200,A4 F7 08 00 00 00 00 00
22.140000,0x100,03 01 28 00 00 00 00 00
22.140000,0x101,00 00 00 00 00 00 00 00
22.140000,0x102,00 00 00 00 00 00 00 00
22.140000,0x200,A4 F9 08 00 00 00 00 00
22.160000,0x100,04 01 28 00 00 00 00 00
22.160000,0x101,00 00 00 00 00 00 00 00
22.160000,0x102,00 00 00 00 00 00 00 00
22.160000,0x200,A4 FA 08 00 00 00 00 00
22.180000,0x100,04 01 28 00 00 00 00 00
22.180000,0x101,00 00 00 00 00 00 00 00
22.180000,0x102,00 00 00 00 00 00 00 00
22.180000,0x200,A4 FB 08 00 00 00 00 00
22.200000,0x100,04 01 28 00 00 00 00 00
22.200000,0x101,00 00 00 00 00 00 00 00
22.200000,0x102,00 00 00 00 00 00 00 00
22.200000,0x200,A4 FC 08 00 00 00 00 00
22.220000,0x100,04 01 28 00 00 00 00 00
22.220000,0x101,00 00 00 00 00 00 00 00
22.220000,0x102,00 00 00 00 00 00 00 00
22.220000,0x200,A4 FD 08 00 00 00 00 00
22.240000,0x100,04 01 28 00 00 00 00 00
22.240000,0x101,00 00 00 00 00 00 00 00
22.240000,0x102,00 00 00 00 00 00 00 00
22.240000,0x200,A4 FE 08 00 00 00 00 00
22.260000,0x100,05 01 28 00 00 00 00 00
22.260000,0x101,00 00 00 00 00 00 00 00
22.260000,0x102,00 00 00 00 00 00 00 00
22.260000,0x200,A4 FF 08 00 00 00 00 00
22.280000,0x100,05 01 28 00 00 00 00 00
22.280000,0x101,00 00 00 00 00 00 00 00
22.280000,0x102,00 00 00 00 00 00 00 00
22.280000,0x200,A4 01 09 00 00 00 00 00
22.300000,0x100,05 01 28 00 00 00 00 00
22.300000,0x101,00 00 00 00 00 00 00 00
22.300000,0x102,00 00 00 00 00 00 00 00
22.300000,0x200,A4 02 09 00 00 00 00 00
22.320000,0x100,05 01 28 00 00 00 00 00
22.320000,0x101,00 00 00 00 00 00 00 00
22.320000,0x102,00 00 00 00 00 00 00 00
22.320000,0x200,A4 03 09 00 00 00 00 00
22.340000,0x100,06 01 28 00 00 00 00 00
22.340000,0x101,00 00 00 00 00 00 00 00
22.340000,0x102,00 00 00 00 00 00 00 00
22.340000,0x200,A4 04 09 00 00 00 00 00
22.360000,0x100,06 01 28 00 00 00 00 00
22.360000,0x101,00 00 00 00 00 00 00 00
22.360000,0x102,00 00 00 00 00 00 00 00
22.360000,0x200,A3 05 09 00 00 00 00 00
22.380000,0x100,06 01 28 00 00 00 00 00
22.380000,0x101,00 00 00 00 00 00 00 00
22.380000,0x102,00 00 00 00 00 00 00 00
22.380000,0x200,A3 06 09 00 00 00 00 00
22.400000,0x100,06 01 28 00 00 00 00 00
22.400000,0x101,00 00 00 00 00 00 00 00
22.400000,0x102,00 00 00 00 00 00 00 00
22.400000,0x200,A3 08 09 00 00 00 00 00
22.420000,0x100,07 01 28 00 00 00 00 00
22.420000,0x101,00 00 00 00 00 00 00 00
22.420000,0x102,00 00 00 00 00 00 00 00
22.420000,0x200,A3 09 09 00 00 00 00 00
22.440000,0x100,07 01 28 00 00 00 00 00
22.440000,0x101,00 00 00 00 00 00 00 00
22.440000,0x102,00 00 00 00 00 00 00 00
22.440000,0x200,A3 0A 09 00 00 00 00 00
22.460000,0x100,07 01 28 00 00 00 00 00
22.460000,0x101,00 00 00 00 00 00 00 00
22.460000,0x102,00 00 00 00 00 00 00 00
22.460000,0x200,A3 0B 09 00 00 00 00 00
22.480000,0x100,07 01 28 00 00 00 00 00
22.480000,0x101,00 00 00 00 00 00 00 00
22.480000,0x102,00 00 00 00 00 00 00 00
22.480000,0x200,A3 0C 09 00 00 00 00 00
22.500000,0x100,07 01 28 00 00 00 00 00
22.500000,0x101,00 00 00 00 00 00 00 00
22.500000,0x102,00 00 00 00 00 00 00 00
22.500000,0x200,A3 0D 09 00 00 00 00 00
22.520000,0x100,08 01 28 00 00 00 00 00
22.520000,0x101,00 00 00 00 00 00 00 00
22.520000,0x102,00 00 00 00 00 00 00 00
22.520000,0x200,A3 0E 09 00 00 00 00 00
22.540000,0x100,08 01 28 00 00 00 00 00
22.540000,0x101,00 00 00 00 00 00 00 00
22.540000,0x102,00 00 00 00 00 00 00 00
22.540000,0x200,A3 10 09 00 00 00 00 00
22.560000,0x100,08 01 28 00 00 00 00 00
22.560000,0x101,00 00 00 00 00 00 00 00
22.560000,0x102,00 00 00 00 00 00 00 00
22.560000,0x200,A3 11 09 00 00 00 00 00
22.580000,0x100,08 01 28 00 00 00 00 00
22.580000,0x101,00 00 00 00 00 00 00 00
22.580000,0x102,00 00 00 00 00 00 00 00
22.580000,0x200,A2 12 09 00 00 00 00 00
22.600000,0x100,09 01 28 00 00 00 00 00
22.600000,0x101,00 00 00 00 00 00 00 00
22.600000,0x102,00 00 00 00 00 00 00 00
22.600000,0x200,A2 13 09 00 00 00 00 00
22.620000,0x100,09 01 28 00 00 00 00 00
22.620000,0x101,00 00 00 00 00 00 00 00
22.620000,0x102,00 00 00 00 00 00 00 00
22.620000,0x200,A2 14 09 00 00 00 00 00
22.640000,0x100,09 01 28 00 00 00 00 00
22.640000,0x101,00 00 00 00 00 00 00 00
22.640000,0x102,00 00 00 00 00 00 00 00
22.640000,0x200,A2 15 09 00 00 00 00 00
22.660000,0x100,09 01 28 00 00 00 00 00
22.660000,0x101,00 00 00 00 00 00 00 00
22.660000,0x102,00 00 00 00 00 00 00 00
22.660000,0x200,A2 17 09 00 00 00 00 00
22.680000,0x100,0A 01 28 00 00 00 00 00
22.680000,0x101,00 00 00 00 00 00 00 00
22.680000,0x102,00 00 00 00 00 00 00 00
22.680000,0x200,A2 18 09 00 00 00 00 00
22.700000,0x100,0A 01 28 00 00 00 00 00
22.700000,0x101,00 00 00 00 00 00 00 00
22.700000,0x102,00 00 00 00 00 00 00 00
22.700000,0x200,A2 19 09 00 00 00 00 00
22.720000,0x100,0A 01 28 00 00 00 00 00
22.720000,0x101,00 00 00 00 00 00 00 00
22.720000,0x102,00 00 00 00 00 00 00 00
22.720000,0x200,A2 1A 09 00 00 00 00 00
22.740000,0x100,0A 01 28 00 00 00 00 00
22.740000,0x101,00 00 00 00 00 00 00 00
22.740000,0x102,00 00 00 00 00 00 00 00
22.740000,0x200,A2 1B 09 00 00 00 00 00
22.760000,0x100,0A 01 28 00 00 00 00 00
22.760000,0x101,00 00 00 00 00 00 00 00
22.760000,0x102,00 00 00 00 00 00 00 00
22.760000,0x200,A2 1C 09 00 00 00 00 00
22.780000,0x100,0B 01 28 00 00 00 00 00
22.780000,0x101,00 00 00 00 00 00 00 00
22.780000,0x102,00 00 00 00 00 00 00 00
22.780000,0x200,A2 1D 09 00 00 00 00 00
22.800000,0x100,0B 01 28 00 00 00 00 00
22.800000,0x101,00 00 00 00 00 00 00 00
22.800000,0x102,00 00 00 00 00 00 00 00
22.800000,0x200,A2 1F 09 00 00 00 00 00
22.820000,0x100,0B 01 28 00 00 00 00 00
22.820000,0x101,00 00 00 00 00 00 00 00
22.820000,0x102,00 00 00 00 00 00 00 00
22.820000,0x200,A1 20 09 00 00 00 00 00
22.840000,0x100,0B 01 28 00 00 00 00 00
22.840000,0x101,00 00 00 00 00 00 00 00
22.840000,0x102,00 00 00 00 00 00 00 00
22.840000,0x200,A1 21 09 00 00 00 00 00
22.860000,0x100,0C 01 28 00 00 00 00 00
22.860000,0x101,00 00 00 00 00 00 00 00
22.860000,0x102,00 00 00 00 00 00 00 00
22.860000,0x200,A1 22 09 00 00 00 00 00
22.880000,0x100,0C 01 28 00 00 00 00 00
22.880000,0x101,00 00 00 00 00 00 00 00
22.880000,0x102,00 00 00 00 00 00 00 00
22.880000,0x200,A1 23 09 00 00 00 00 00
22.900000,0x100,0C 01 28 00 00 00 00 00
22.900000,0x101,00 00 00 00 00 00 00 00
22.900000,0x102,00 00 00 00 00 00 00 00
22.900000,0x200,A1 24 09 00 00 00 00 00
22.920000,0x100,0C 01 28 00 00 00 00 00
22.920000,0x101,00 00 00 00 00 00 00 00
22.920000,0x102,00 00 00 00 00 00 00 00
22.920000,0x200,A1 26 09 00 00 00 00 00
22.940000,0x100,0D 01 28 00 00 00 00 00
22.940000,0x101,00 00 00 00 00 00 00 00
22.940000,0x102,00 00 00 00 00 00 00 00
22.940000,0x200,A1 27 09 00 00 00 00 00
22.960000,0x100,0D 01 28 00 00 00 00 00
22.960000,0x101,00 00 00 00 00 00 00 00
22.960000,0x102,00 00 00 00 00 00 00 00
22.960000,0x200,A1 28 09 00 00 00 00 00
22.980000,0x100,0D 01 28 00 00 00 00 00
22.980000,0x101,00 00 00 00 00 00 00 00
22.980000,0x102,00 00 00 00 00 00 00 00
22.980000,0x200,A1 29 09 00 00 00 00 00
23.000000,0x100,0D 01 28 00 00 00 00 00
23.000000,0x101,00 00 00 00 00 00 00 00
23.000000,0x102,00 00 00 00 00 00 00 00
23.000000,0x200,A1 2A 09 00 00 00 00 00
23.020000,0x100,0D 01 28 00 00 00 00 00
23.020000,0x101,00 00 00 00 00 00 00 00
23.020000,0x102,00 00 00 00 00 00 00 00
23.020000,0x200,A1 2B 09 00 00 00 00 00
23.040000,0x100,0E 01 28 00 00 00 00 00
23.040000,0x101,00 00 00 00 00 00 00 00
23.040000,0x102,00 00 00 00 00 00 00 00
23.040000,0x200,A0 2C 09 00 00 00 00 00
23.060000,0x100,0E 01 28 00 00 00 00 00
23.060000,0x101,00 00 00 00 00 00 00 00
23.060000,0x102,00 00 00 00 00 00 00 00
23.060000,0x200,A0 2E 09 00 00 00 00 00
23.080000,0x100,0E 01 28 00 00 00 00 00
23.080000,0x101,00 00 00 00 00 00 00 00
23.080000,0x102,00 00 00 00 00 00 00 00
23.080000,0x200,A0 2F 09 00 00 00 00 00
23.100000,0x100,0E 01 28 00 00 00 00 00
23.100000,0x101,00 00 00 00 00 00 00 00
23.100000,0x102,00 00 00 00 00 00 00 00
23.100000,0x200,A0 30 09 00 00 00 00 00
23.120000,0x100,0F 01 28 00 00 00 00 00
23.120000,0x101,00 00 00 00 00 00 00 00
23.120000,0x102,00 00 00 00 00 00 00 00
23.120000,0x200,A0 31 09 00 00 00 00 00
23.140000,0x100,0F 01 28 00 00 00 00 00
23.140000,0x101,00 00 00 00 00 00 00 00
23.140000,0x102,00 00 00 00 00 00 00 00
23.140000,0x200,A0 32 09 00 00 00 00 00
23.160000,0x100,0F 01 28 00 00 00 00 00
23.160000,0x101,00 00 00 00 00 00 00 00
23.160000,0x102,00 00 00 00 00 00 00 00
23.160000,0x200,A0 33 09 00 00 00 00 00
23.180000,0x100,0F 01 28 00 00 00 00 00
23.180000,0x101,00 00 00 00 00 00 00 00
23.180000,0x102,00 00 00 00 00 00 00 00
23.180000,0x200,A0 35 09 00 00 00 00 00
23.200000,0x100,10 01 28 00 00 00 00 00
23.200000,0x101,00 00 00 00 00 00 00 00
23.200000,0x102,00 00 00 00 00 00 00 00
23.200000,0x200,A0 36 09 00 00 00 00 00
23.220000,0x100,10 01 28 00 00 00 00 00
23.220000,0x101,00 00 00 00 00 00 00 00
23.220000,0x102,00 00 00 00 00 00 00 00
23.220000,0x200,A0 37 09 00 00 00 00 00
23.240000,0x100,10 01 28 00 00 00 00 00
23.240000,0x101,00 00 00 00 00 00 00 00
23.240000,0x102,00 00 00 00 00 00 00 00
23.240000,0x200,A0 38 09 00 00 00 00 00
23.260000,0x100,10 01 28 00 00 00 00 00
23.260000,0x101,00 00 00 00 00 00 00 00
23.260000,0x102,00 00 00 00 00 00 00 00
23.260000,0x200,9F 39 09 00 00 00 00 00
23.280000,0x100,10 01 28 00 00 00 00 00
23.280000,0x101,00 00 00 00 00 00 00 00
23.280000,0x102,00 00 00 00 00 00 00 00
23.280000,0x200,9F 3A 09 00 00 00 00 00
23.300000,0x100,11 01 28 00 00 00 00 00
23.300000,0x101,00 00 00 00 00 00 00 00
23.300000,0x102,00 00 00 00 00 00 00 00
23.300000,0x200,9F 3B 09 00 00 00 00 00
23.320000,0x100,11 01 28 00 00 00 00 00
23.320000,0x101,00 00 00 00 00 00 00 00
23.320000,0x102,00 00 00 00 00 00 00 00
23.320000,0x200,9F 3D 09 00 00 00 00 00
23.340000,0x100,11 01 28 00 00 00 00 00
23.340000,0x101,00 00 00 00 00 00 00 00
23.340000,0x102,00 00 00 00 00 00 00 00
23.340000,0x200,9F 3E 09 00 00 00 00 00
23.360000,0x100,11 01 28 00 00 00 00 00
23.360000,0x101,00 00 00 00 00 00 00 00
23.360000,0x102,00 00 00 00 00 00 00 00
23.360000,0x200,9F 3F 09 00 00 00 00 00
23.380000,0x100,12 01 28 00 00 00 00 00
23.380000,0x101,00 00 00 00 00 00 00 00
23.380000,0x102,00 00 00 00 00 00 00 00
23.380000,0x200,9F 40 09 00 00 00 00 00
23.400000,0x100,12 01 28 00 00 00 00 00
23.400000,0x101,00 00 00 00 00 00 00 00
23.400000,0x102,00 00 00 00 00 00 00 00
23.400000,0x200,9F 41 09 00 00 00 00 00
23.420000,0x100,12 01 28 00 00 00 00 00
23.420000,0x101,00 00 00 00 00 00 00 00
23.420000,0x102,00 00 00 00 00 00 00 00
23.420000,0x200,9F 42 09 00 00 00 00 00
23.440000,0x100,12 01 28 00 00 00 00 00
23.440000,0x101,00 00 00 00 00 00 00 00
23.440000,0x102,00 00 00 00 00 00 00 00
23.440000,0x200,9F 44 09 00 00 00 00 00
23.460000,0x100,13 01 28 00 00 00 00 00
23.460000,0x101,00 00 00 00 00 00 00 00
23.460000,0x102,00 00 00 00 00 00 00 00
23.460000,0x200,9F 45 09 00 00 00 00 00
23.480000,0x100,13 01 28 00 00 00 00 00
23.480000,0x101,00 00 00 00 00 00 00 00
23.480000,0x102,00 00 00 00 00 00 00 00
23.480000,0x200,9F 46 09 00 00 00 00 00
23.500000,0x100,13 01 28 00 00 00 00 00
23.500000,0x101,00 00 00 00 00 00 00 00
23.500000,0x102,00 00 00 00 00 00 00 00
23.500000,0x200,9E 47 09 00 00 00 00 00
23.520000,0x100,13 01 28 00 00 00 00 00
23.520000,0x101,00 00 00 00 00 00 00 00
23.520000,0x102,00 00 00 00 00 00 00 00
23.520000,0x200,9E 48 09 00 00 00 00 00
23.540000,0x100,13 01 28 00 00 00 00 00
23.540000,0x101,00 00 00 00 00 00 00 00
23.540000,0x102,00 00 00 00 00 00 00 00
23.540000,0x200,9E 49 09 00 00 00 00 00
23.560000,0x100,14 01 28 00 00 00 00 00
23.560000,0x101,00 00 00 00 00 00 00 00
23.560000,0x102,00 00 00 00 00 00 00 00
23.560000,0x200,9E 4A 09 00 00 00 00 00
23.580000,0x100,14 01 28 00 00 00 00 00
23.580000,0x101,00 00 00 00 00 00 00 00
23.580000,0x102,00 00 00 00 00 00 00 00
23.580000,0x200,9E 4C 09 00 00 00 00 00
23.600000,0x100,14 01 28 00 00 00 00 00
23.600000,0x101,00 00 00 00 00 00 00 00
23.600000,0x102,00 00 00 00 00 00 00 00
23.600000,0x200,9E 4D 09 00 00 00 00 00
23.620000,0x100,14 01 28 00 00 00 00 00
23.620000,0x101,00 00 00 00 00 00 00 00
23.620000,0x102,00 00 00 00 00 00 00 00
23.620000,0x200,9E 4E 09 00 00 00 00 00
23.640000,0x100,15 01 28 00 00 00 00 00
23.640000,0x101,00 00 00 00 00 00 00 00
23.640000,0x102,00 00 00 00 00 00 00 00
23.640000,0x200,9E 4F 09 00 00 00 00 00
23.660000,0x100,15 01 28 00 00 00 00 00
23.660000,0x101,00 00 00 00 00 00 00 00
23.660000,0x102,00 00 00 00 00 00 00 00
23.660000,0x200,9E 50 09 00 00 00 00 00
23.680000,0x100,15 01 28 00 00 00 00 00
23.680000,0x101,00 00 00 00 00 00 00 00
23.680000,0x102,00 00 00 00 00 00 00 00
23.680000,0x200,9E 51 09 00 00 00 00 00
23.700000,0x100,15 01 28 00 00 00 00 00
23.700000,0x101,00 00 00 00 00 00 00 00
23.700000,0x102,00 00 00 00 00 00 00 00
23.700000,0x200,9E 53 09 00 00 00 00 00
23.720000,0x100,16 01 28 00 00 00 00 00
23.720000,0x101,00 00 00 00 00 00 00 00
23.720000,0x102,00 00 00 00 00 00 00 00
23.720000,0x200,9D 54 09 00 00 00 00 00
23.740000,0x100,16 01 28 00 00 00 00 00
23.740000,0x101,00 00 00 00 00 00 00 00
23.740000,0x102,00 00 00 00 00 00 00 00
23.740000,0x200,9D 55 09 00 00 00 00 00
23.760000,0x100,16 01 28 00 00 00 00 00
23.760000,0x101,00 00 00 00 00 00 00 00
23.760000,0x102,00 00 00 00 00 00 00 00
23.760000,0x200,9D 56 09 00 00 00 00 00
23.780000,0x100,16 01 28 00 00 00 00 00
23.780000,0x101,00 00 00 00 00 00 00 00
23.780000,0x102,00 00 00 00 00 00 00 00
23.780000,0x200,9D 57 09 00 00 00 00 00
23.800000,0x100,16 01 28 00 00 00 00 00
23.800000,0x101,00 00 00 00 00 00 00 00
23.800000,0x102,00 00 00 00 00 00 00 00
23.800000,0x200,9D 58 09 00 00 00 00 00
23.820000,0x100,17 01 28 00 00 00 00 00
23.820000,0x101,00 00 00 00 00 00 00 00
23.820000,0x102,00 00 00 00 00 00 00 00
23.820000,0x200,9D 59 09 00 00 00 00 00
23.840000,0x100,17 01 28 00 00 00 00 00
23.840000,0x101,00 00 00 00 00 00 00 00
23.840000,0x102,00 00 00 00 00 00 00 00
23.840000,0x200,9D 5B 09 00 00 00 00 00
23.860000,0x100,17 01 28 00 00 00 00 00
23.860000,0x101,00 00 00 00 00 00 00 00
23.860000,0x102,00 00 00 00 00 00 00 00
23.860000,0x200,9D 5C 09 00 00 00 00 00
23.880000,0x100,17 01 28 00 00 00 00 00
23.880000,0x101,00 00 00 00 00 00 00 00
23.880000,0x102,00 00 00 00 00 00 00 00
23.880000,0x200,9D 5D 09 00 00 00 00 00
23.900000,0x100,18 01 28 00 00 00 00 00
23.900000,0x101,00 00 00 00 00 00 00 00
23.900000,0x102,00 00 00 00 00 00 00 00
23.900000,0x200,9D 5E 09 00 00 00 00 00
23.920000,0x100,18 01 28 00 00 00 00 00
23.920000,0x101,00 00 00 00 00 00 00 00
23.920000,0x102,00 00 00 00 00 00 00 00
23.920000,0x200,9D 5F 09 00 00 00 00 00
23.940000,0x100,18 01 28 00 00 00 00 00
23.940000,0x101,00 00 00 00 00 00 00 00
23.940000,0x102,00 00 00 00 00 00 00 00
23.940000,0x200,9D 60 09 00 00 00 00 00
23.960000,0x100,18 01 28 00 00 00 00 00
23.960000,0x101,00 00 00 00 00 00 00 00
23.960000,0x102,00 00 00 00 00 00 00 00
23.960000,0x200,9C 62 09 00 00 00 00 00
23.980000,0x100,19 01 28 00 00 00 00 00
23.980000,0x101,00 00 00 00 00 00 00 00
23.980000,0x102,00 00 00 00 00 00 00 00
23.980000,0x200,9C 63 09 00 00 00 00 00
24.000000,0x100,19 01 28 00 00 00 00 00
24.000000,0x101,00 00 00 00 00 00 00 00
24.000000,0x102,00 00 00 00 00 00 00 00
24.000000,0x200,9C 64 09 00 00 00 00 00
24.020000,0x100,19 01 28 00 00 00 00 00
24.020000,0x101,00 00 00 00 00 00 00 00
24.020000,0x102,00 00 00 00 00 00 00 00
24.020000,0x200,9C 65 09 00 00 00 00 00
24.040000,0x100,19 01 28 00 00 00 00 00
24.040000,0x101,00 00 00 00 00 00 00 00
24.040000,0x102,00 00 00 00 00 00 00 00
24.040000,0x200,9C 66 09 00 00 00 00 00
24.060000,0x100,19 01 28 00 00 00 00 00
24.060000,0x101,00 00 00 00 00 00 00 00
24.060000,0x102,00 00 00 00 00 00 00 00
24.060000,0x200,9C 67 09 00 00 00 00 00
24.080000,0x100,1A 01 28 00 00 00 00 00
24.080000,0x101,00 00 00 00 00 00 00 00
24.080000,0x102,00 00 00 00 00 00 00 00
24.080000,0x200,9C 68 09 00 00 00 00 00
24.100000,0x100,1A 01 28 00 00 00 00 00
24.100000,0x101,00 00 00 00 00 00 00 00
24.100000,0x102,00 00 00 00 00 00 00 00
24.100000,0x200,9C 6A 09 00 00 00 00 00
24.120000,0x100,1A 01 28 00 00 00 00 00
24.120000,0x101,00 00 00 00 00 00 00 00
24.120000,0x102,00 00 00 00 00 00 00 00
24.120000,0x200,9C 6B 09 00 00 00 00 00
24.140000,0x100,1A 01 28 00 00 00 00 00
24.140000,0x101,00 00 00 00 00 00 00 00
24.140000,0x102,00 00 00 00 00 00 00 00
24.140000,0x200,9C 6C 09 00 00 00 00 00
24.160000,0x100,1B 01 28 00 00 00 00 00
24.160000,0x101,00 00 00 00 00 00 00 00
24.160000,0x102,00 00 00 00 00 00 00 00
24.160000,0x200,9C 6D 09 00 00 00 00 00
24.180000,0x100,1B 01 28 00 00 00 00 00
24.180000,0x101,00 00 00 00 00 00 00 00
24.180000,0x102,00 00 00 00 00 00 00 00
24.180000,0x200,9B 6E 09 00 00 00 00 00
24.200000,0x100,1B 01 28 00 00 00 00 00
24.200000,0x101,00 00 00 00 00 00 00 00
24.200000,0x102,00 00 00 00 00 00 00 00
24.200000,0x200,9B 6F 09 00 00 00 00 00
24.220000,0x100,1B 01 28 00 00 00 00 00
24.220000,0x101,00 00 00 00 00 00 00 00
24.220000,0x102,00 00 00 00 00 00 00 00
24.220000,0x200,9B 71 09 00 00 00 00 00
24.240000,0x100,1C 01 28 00 00 00 00 00
24.240000,0x101,00 00 00 00 00 00 00 00
24.240000,0x102,00 00 00 00 00 00 00 00
24.240000,0x200,9B 72 09 00 00 00 00 00
24.260000,0x100,1C 01 28 00 00 00 00 00
24.260000,0x101,00 00 00 00 00 00 00 00
24.260000,0x102,00 00 00 00 00 00 00 00
24.260000,0x200,9B 73 09 00 00 00 00 00
24.280000,0x100,1C 01 28 00 00 00 00 00
24.280000,0x101,00 00 00 00 00 00 00 00
24.280000,0x102,00 00 00 00 00 00 00 00
24.280000,0x200,9B 74 09 00 00 00 00 00
24.300000,0x100,1C 01 28 00 00 00 00 00
24.300000,0x101,00 00 00 00 00 00 00 00
24.300000,0x102,00 00 00 00 00 00 00 00
24.300000,0x200,9B 75 09 00 00 00 00 00
24.320000,0x100,1C 01 28 00 00 00 00 00
24.320000,0x101,00 00 00 00 00 00 00 00
24.320000,0x102,00 00 00 00 00 00 00 00
24.320000,0x200,9B 76 09 00 00 00 00 00
24.340000,0x100,1D 01 28 00 00 00 00 00
24.340000,0x101,00 00 00 00 00 00 00 00
24.340000,0x102,00 00 00 00 00 00 00 00
24.340000,0x200,9B 77 09 00 00 00 00 00
24.360000,0x100,1D 01 28 00 00 00 00 00
24.360000,0x101,00 00 00 00 00 00 00 00
24.360000,0x102,00 00 00 00 00 00 00 00
24.360000,0x200,9B 79 09 00 00 00 00 00
24.380000,0x100,1D 01 28 00 00 00 00 00
24.380000,0x101,00 00 00 00 00 00 00 00
24.380000,0x102,00 00 00 00 00 00 00 00
24.380000,0x200,9B 7A 09 00 00 00 00 00
24.400000,0x100,1D 01 28 00 00 00 00 00
24.400000,0x101,00 00 00 00 00 00 00 00
24.400000,0x102,00 00 00 00 00 00 00 00
24.400000,0x200,9A 7B 09 00 00 00 00 00
24.420000,0x100,1E 01 28 00 00 00 00 00
24.420000,0x101,00 00 00 00 00 00 00 00
24.420000,0x102,00 00 00 00 00 00 00 00
24.420000,0x200,9A 7C 09 00 00 00 00 00
24.440000,0x100,1E 01 28 00 00 00 00 00
24.440000,0x101,00 00 00 00 00 00 00 00
24.440000,0x102,00 00 00 00 00 00 00 00
24.440000,0x200,9A 7D 09 00 00 00 00 00
24.460000,0x100,1E 01 28 00 00 00 00 00
24.460000,0x101,00 00 00 00 00 00 00 00
24.460000,0x102,00 00 00 00 00 00 00 00
24.460000,0x200,9A 7E 09 00 00 00 00 00
24.480000,0x100,1E 01 28 00 00 00 00 00
24.480000,0x101,00 00 00 00 00 00 00 00
24.480000,0x102,00 00 00 00 00 00 00 00
24.480000,0x200,9A 80 09 00 00 00 00 00
24.500000,0x100,1F 01 28 00 00 00 00 00
24.500000,0x101,00 00 00 00 00 00 00 00
24.500000,0x102,00 00 00 00 00 00 00 00
24.500000,0x200,9A 81 09 00 00 00 00 00
24.520000,0x100,1F 01 28 00 00 00 00 00
24.520000,0x101,00 00 00 00 00 00 00 00
24.520000,0x102,00 00 00 00 00 00 00 00
24.520000,0x200,9A 82 09 00 00 00 00 00
24.540000,0x100,1F 01 28 00 00 00 00 00
24.540000,0x101,00 00 00 00 00 00 00 00
24.540000,0x102,00 00 00 00 00 00 00 00
24.540000,0x200,9A 83 09 00 00 00 00 00
24.560000,0x100,1F 01 28 00 00 00 00 00
24.560000,0x101,00 00 00 00 00 00 00 00
24.560000,0x102,00 00 00 00 00 00 00 00
24.560000,0x200,9A 84 09 00 00 00 00 00
24.580000,0x100,1F 01 28 00 00 00 00 00
24.580000,0x101,00 00 00 00 00 00 00 00
24.580000,0x102,00 00 00 00 00 00 00 00
24.580000,0x200,9A 85 09 00 00 00 00 00
24.600000,0x100,20 01 28 00 00 00 00 00
24.600000,0x101,00 00 00 00 00 00 00 00
24.600000,0x102,00 00 00 00 00 00 00 00
24.600000,0x200,9A 86 09 00 00 00 00 00
24.620000,0x100,20 01 28 00 00 00 00 00
24.620000,0x101,00 00 00 00 00 00 00 00
24.620000,0x102,00 00 00 00 00 00 00 00
24.620000,0x200,9A 88 09 00 00 00 00 00
24.640000,0x100,20 01 28 00 00 00 00 00
24.640000,0x101,00 00 00 00 00 00 00 00
24.640000,0x102,00 00 00 00 00 00 00 00
24.640000,0x200,99 89 09 00 00 00 00 00
24.660000,0x100,20 01 28 00 00 00 00 00
24.660000,0x101,00 00 00 00 00 00 00 00
24.660000,0x102,00 00 00 00 00 00 00 00
24.660000,0x200,99 8A 09 00 00 00 00 00
24.680000,0x100,21 01 28 00 00 00 00 00
24.680000,0x101,00 00 00 00 00 00 00 00
24.680000,0x102,00 00 00 00 00 00 00 00
24.680000,0x200,99 8B 09 00 00 00 00 00
24.700000,0x100,21 01 28 00 00 00 00 00
24.700000,0x101,00 00 00 00 00 00 00 00
24.700000,0x102,00 00 00 00 00 00 00 00
24.700000,0x200,99 8C 09 00 00 00 00 00
24.720000,0x100,21 01 28 00 00 00 00 00
24.720000,0x101,00 00 00 00 00 00 00 00
24.720000,0x102,00 00 00 00 00 00 00 00
24.720000,0x200,99 8D 09 00 00 00 00 00
24.740000,0x100,21 01 28 00 00 00 00 00
24.740000,0x101,00 00 00 00 00 00 00 00
24.740000,0x102,00 00 00 00 00 00 00 00
24.740000,0x200,99 8F 09 00 00 00 00 00
24.760000,0x100,22 01 28 00 00 00 00 00
24.760000,0x101,00 00 00 00 00 00 00 00
24.760000,0x102,00 00 00 00 00 00 00 00
24.760000,0x200,99 90 09 00 00 00 00 00
24.780000,0x100,22 01 28 00 00 00 00 00
24.780000,0x101,00 00 00 00 00 00 00 00
24.780000,0x102,00 00 00 00 00 00 00 00
24.780000,0x200,99 91 09 00 00 00 00 00
24.800000,0x100,22 01 28 00 00 00 00 00
24.800000,0x101,00 00 00 00 00 00 00 00
24.800000,0x102,00 00 00 00 00 00 00 00
24.800000,0x200,99 92 09 00 00 00 00 00
24.820000,0x100,22 01 28 00 00 00 00 00
24.820000,0x101,00 00 00 00 00 00 00 00
24.820000,0x102,00 00 00 00 00 00 00 00
24.820000,0x200,99 93 09 00 00 00 00 00
24.840000,0x100,22 01 28 00 00 00 00 00
24.840000,0x101,00 00 00 00 00 00 00 00
24.840000,0x102,00 00 00 00 00 00 00 00
24.840000,0x200,99 94 09 00 00 00 00 00
24.860000,0x100,23 01 28 00 00 00 00 00
24.860000,0x101,00 00 00 00 00 00 00 00
24.860000,0x102,00 00 00 00 00 00 00 00
24.860000,0x200,98 95 09 00 00 00 00 00
24.880000,0x100,23 01 28 00 00 00 00 00
24.880000,0x101,00 00 00 00 00 00 00 00
24.880000,0x102,00 00 00 00 00 00 00 00
24.880000,0x200,98 97 09 00 00 00 00 00
24.900000,0x100,23 01 28 00 00 00 00 00
24.900000,0x101,00 00 00 00 00 00 00 00
24.900000,0x102,00 00 00 00 00 00 00 00
24.900000,0x200,98 98 09 00 00 00 00 00
24.920000,0x100,23 01 28 00 00 00 00 00
24.920000,0x101,00 00 00 00 00 00 00 00
24.920000,0x102,00 00 00 00 00 00 00 00
24.920000,0x200,98 99 09 00 00 00 00 00
24.940000,0x100,24 01 28 00 00 00 00 00
24.940000,0x101,00 00 00 00 00 00 00 00
24.940000,0x102,00 00 00 00 00 00 00 00
24.940000,0x200,98 9A 09 00 00 00 00 00
24.960000,0x100,24 01 28 00 00 00 00 00
24.960000,0x101,00 00 00 00 00 00 00 00
24.960000,0x102,00 00 00 00 00 00 00 00
24.960000,0x200,98 9B 09 00 00 00 00 00
24.980000,0x100,24 01 28 00 00 00 00 00
24.980000,0x101,00 00 00 00 00 00 00 00
24.980000,0x102,00 00 00 00 00 00 00 00
24.980000,0x200,98 9C 09 00 00 00 00 00
25.000000,0x100,24 01 28 00 00 00 00 00
25.000000,0x101,00 00 00 00 00 00 00 00
25.000000,0x102,00 00 00 00 00 00 00 00
25.000000,0x200,98 9E 09 00 00 00 00 00
25.020000,0x100,25 01 28 00 00 00 00 00
25.020000,0x101,00 00 00 00 00 00 00 00
25.020000,0x102,00 00 00 00 00 00 00 00
25.020000,0x200,98 9F 09 00 00 00 00 00
25.040000,0x100,25 01 28 00 00 00 00 00
25.040000,0x101,00 00 00 00 00 00 00 00
25.040000,0x102,00 00 00 00 00 00 00 00
25.040000,0x200,98 A0 09 00 00 00 00 00
25.060000,0x100,25 01 28 00 00 00 00 00
25.060000,0x101,00 00 00 00 00 00 00 00
25.060000,0x102,00 00 00 00 00 00 00 00
25.060000,0x200,98 A1 09 00 00 00 00 00
25.080000,0x100,25 01 28 00 00 00 00 00
25.080000,0x101,00 00 00 00 00 00 00 00
25.080000,0x102,00 00 00 00 00 00 00 00
25.080000,0x200,98 A2 09 00 00 00 00 00
25.100000,0x100,25 01 28 00 00 00 00 00
25.100000,0x101,00 00 00 00 00 00 00 00
25.100000,0x102,00 00 00 00 00 00 00 00
25.100000,0x200,97 A3 09 00 00 00 00 00
25.120000,0x100,26 01 28 00 00 00 00 00
25.120000,0x101,00 00 00 00 00 00 00 00
25.120000,0x102,00 00 00 00 00 00 00 00
25.120000,0x200,97 A4 09 00 00 00 00 00
25.140000,0x100,26 01 28 00 00 00 00 00
25.140000,0x101,00 00 00 00 00 00 00 00
25.140000,0x102,00 00 00 00 00 00 00 00
25.140000,0x200,97 A6 09 00 00 00 00 00
25.160000,0x100,26 01 28 00 00 00 00 00
25.160000,0x101,00 00 00 00 00 00 00 00
25.160000,0x102,00 00 00 00 00 00 00 00
25.160000,0x200,97 A7 09 00 00 00 00 00
25.180000,0x100,26 01 28 00 00 00 00 00
25.180000,0x101,00 00 00 00 00 00 00 00
25.180000,0x102,00 00 00 00 00 00 00 00
25.180000,0x200,97 A8 09 00 00 00 00 00
25.200000,0x100,27 01 28 00 00 00 00 00
25.200000,0x101,00 00 00 00 00 00 00 00
25.200000,0x102,00 00 00 00 00 00 00 00
25.200000,0x200,97 A9 09 00 00 00 00 00
25.220000,0x100,27 01 28 00 00 00 00 00
25.220000,0x101,00 00 00 00 00 00 00 00
25.220000,0x102,00 00 00 00 00 00 00 00
25.220000,0x200,97 AA 09 00 00 00 00 00
25.240000,0x100,27 01 28 00 00 00 00 00
25.240000,0x101,00 00 00 00 00 00 00 00
25.240000,0x102,00 00 00 00 00 00 00 00
25.240000,0x200,97 AB 09 00 00 00 00 00
25.260000,0x100,27 01 28 00 00 00 00 00
25.260000,0x101,00 00 00 00 00 00 00 00
25.260000,0x102,00 00 00 00 00 00 00 00
25.260000,0x200,97 AD 09 00 00 00 00 00
25.280000,0x100,28 01 28 00 00 00 00 00
25.280000,0x101,00 00 00 00 00 00 00 00
25.280000,0x102,00 00 00 00 00 00 00 00
25.280000,0x200,97 AE 09 00 00 00 00 00
25.300000,0x100,28 01 28 00 00 00 00 00
25.300000,0x101,00 00 00 00 00 00 00 00
25.300000,0x102,00 00 00 00 00 00 00 00
25.300000,0x200,97 AF 09 00 00 00 00 00
25.320000,0x100,28 01 28 00 00 00 00 00
25.320000,0x101,00 00 00 00 00 00 00 00
25.320000,0x102,00 00 00 00 00 00 00 00
25.320000,0x200,96 B0 09 00 00 00 00 00
25.340000,0x100,28 01 28 00 00 00 00 00
25.340000,0x101,00 00 00 00 00 00 00 00
25.340000,0x102,00 00 00 00 00 00 00 00
25.340000,0x200,96 B1 09 00 00 00 00 00
25.360000,0x100,28 01 28 00 00 00 00 00
25.360000,0x101,00 00 00 00 00 00 00 00
25.360000,0x102,00 00 00 00 00 00 00 00
25.360000,0x200,96 B2 09 00 00 00 00 00
25.380000,0x100,29 01 28 00 00 00 00 00
25.380000,0x101,00 00 00 00 00 00 00 00
25.380000,0x102,00 00 00 00 00 00 00 00
25.380000,0x200,96 B3 09 00 00 00 00 00
25.400000,0x100,29 01 28 00 00 00 00 00
25.400000,0x101,00 00 00 00 00 00 00 00
25.400000,0x102,00 00 00 00 00 00 00 00
25.400000,0x200,96 B5 09 00 00 00 00 00
25.420000,0x100,29 01 28 00 00 00 00 00
25.420000,0x101,00 00 00 00 00 00 00 00
25.420000,0x102,00 00 00 00 00 00 00 00
25.420000,0x200,96 B6 09 00 00 00 00 00
25.440000,0x100,29 01 28 00 00 00 00 00
25.440000,0x101,00 00 00 00 00 00 00 00
25.440000,0x102,00 00 00 00 00 00 00 00
25.440000,0x200,96 B7 09 00 00 00 00 00
25.460000,0x100,2A 01 28 00 00 00 00 00
25.460000,0x101,00 00 00 00 00 00 00 00
25.460000,0x102,00 00 00 00 00 00 00 00
25.460000,0x200,96 B8 09 00 00 00 00 00
25.480000,0x100,2A 01 28 00 00 00 00 00
25.480000,0x101,00 00 00 00 00 00 00 00
25.480000,0x102,00 00 00 00 00 00 00 00
25.480000,0x200,96 B9 09 00 00 00 00 00
25.500000,0x100,2A 01 28 00 00 00 00 00
25.500000,0x101,00 00 00 00 00 00 00 00
25.500000,0x102,00 00 00 00 00 00 00 00
25.500000,0x200,96 BA 09 00 00 00 00 00
25.520000,0x100,2A 01 28 00 00 00 00 00
25.520000,0x101,00 00 00 00 00 00 00 00
25.520000,0x102,00 00 00 00 00 00 00 00
25.520000,0x200,96 BC 09 00 00 00 00 00
25.540000,0x100,2B 01 28 00 00 00 00 00
25.540000,0x101,00 00 00 00 00 00 00 00
25.540000,0x102,00 00 00 00 00 00 00 00
25.540000,0x200,96 BD 09 00 00 00 00 00
25.560000,0x100,2B 01 28 00 00 00 00 00
25.560000,0x101,00 00 00 00 00 00 00 00
25.560000,0x102,00 00 00 00 00 00 00 00
25.560000,0x200,95 BE 09 00 00 00 00 00
25.580000,0x100,2B 01 28 00 00 00 00 00
25.580000,0x101,00 00 00 00 00 00 00 00
25.580000,0x102,00 00 00 00 00 00 00 00
25.580000,0x200,95 BF 09 00 00 00 00 00
25.600000,0x100,2B 01 28 00 00 00 00 00
25.600000,0x101,00 00 00 00 00 00 00 00
25.600000,0x102,00 00 00 00 00 00 00 00
25.600000,0x200,95 C0 09 00 00 00 00 00
25.620000,0x100,2B 01 28 00 00 00 00 00
25.620000,0x101,00 00 00 00 00 00 00 00
25.620000,0x102,00 00 00 00 00 00 00 00
25.620000,0x200,95 C1 09 00 00 00 00 00
25.640000,0x100,2C 01 28 00 00 00 00 00
25.640000,0x101,00 00 00 00 00 00 00 00
25.640000,0x102,00 00 00 00 00 00 00 00
25.640000,0x200,95 C2 09 00 00 00 00 00
25.660000,0x100,2C 01 28 00 00 00 00 00
25.660000,0x101,00 00 00 00 00 00 00 00
25.660000,0x102,00 00 00 00 00 00 00 00
25.660000,0x200,95 C4 09 00 00 00 00 00
25.680000,0x100,2C 01 28 00 00 00 00 00
25.680000,0x101,00 00 00 00 00 00 00 00
25.680000,0x102,00 00 00 00 00 00 00 00
25.680000,0x200,95 C5 09 00 00 00 00 00
25.700000,0x100,2C 01 28 00 00 00 00 00
25.700000,0x101,00 00 00 00 00 00 00 00
25.700000,0x102,00 00 00 00 00 00 00 00
25.700000,0x200,95 C6 09 00 00 00 00 00
25.720000,0x100,2D 01 28 00 00 00 00 00
25.720000,0x101,00 00 00 00 00 00 00 00
25.720000,0x102,00 00 00 00 00 00 00 00
25.720000,0x200,95 C7 09 00 00 00 00 00
25.740000,0x100,2D 01 28 00 00 00 00 00
25.740000,0x101,00 00 00 00 00 00 00 00
25.740000,0x102,00 00 00 00 00 00 00 00
25.740000,0x200,95 C8 09 00 00 00 00 00
25.760000,0x100,2D 01 28 00 00 00 00 00
25.760000,0x101,00 00 00 00 00 00 00 00
25.760000,0x102,00 00 00 00 00 00 00 00
25.760000,0x200,95 C9 09 00 00 00 00 00
25.780000,0x100,2D 01 28 00 00 00 00 00
25.780000,0x101,00 00 00 00 00 00 00 00
25.780000,0x102,00 00 00 00 00 00 00 00
25.780000,0x200,94 CB 09 00 00 00 00 00
25.800000,0x100,2E 01 28 00 00 00 00 00
25.800000,0x101,00 00 00 00 00 00 00 00
25.800000,0x102,00 00 00 00 00 00 00 00
25.800000,0x200,94 CC 09 00 00 00 00 00
25.820000,0x100,2E 01 28 00 00 00 00 00
25.820000,0x101,00 00 00 00 00 00 00 00
25.820000,0x102,00 00 00 00 00 00 00 00
25.820000,0x200,94 CD 09 00 00 00 00 00
25.840000,0x100,2E 01 28 00 00 00 00 00
25.840000,0x101,00 00 00 00 00 00 00 00
25.840000,0x102,00 00 00 00 00 00 00 00
25.840000,0x200,94 CE 09 00 00 00 00 00
25.860000,0x100,2E 01 28 00 00 00 00 00
25.860000,0x101,00 00 00 00 00 00 00 00
25.860000,0x102,00 00 00 00 00 00 00 00
25.860000,0x200,94 CF 09 00 00 00 00 00
25.880000,0x100,2E 01 28 00 00 00 00 00
25.880000,0x101,00 00 00 00 00 00 00 00
25.880000,0x102,00 00 00 00 00 00 00 00
25.880000,0x200,94 D0 09 00 00 00 00 00
25.900000,0x100,2F 01 28 00 00 00 00 00
25.900000,0x101,00 00 00 00 00 00 00 00
25.900000,0x102,00 00 00 00 00 00 00 00
25.900000,0x200,94 D1 09 00 00 00 00 00
25.920000,0x100,2F 01 28 00 00 00 00 00
25.920000,0x101,00 00 00 00 00 00 00 00
25.920000,0x102,00 00 00 00 00 00 00 00
25.920000,0x200,94 D3 09 00 00 00 00 00
25.940000,0x100,2F 01 28 00 00 00 00 00
25.940000,0x101,00 00 00 00 00 00 00 00
25.940000,0x102,00 00 00 00 00 00 00 00
25.940000,0x200,94 D4 09 00 00 00 00 00
25.960000,0x100,2F 01 28 00 00 00 00 00
25.960000,0x101,00 00 00 00 00 00 00 00
25.960000,0x102,00 00 00 00 00 00 00 00
25.960000,0x200,94 D5 09 00 00 00 00 00
25.980000,0x100,30 01 28 00 00 00 00 00
25.980000,0x101,00 00 00 00 00 00 00 00
25.980000,0x102,00 00 00 00 00 00 00 00
25.980000,0x200,94 D6 09 00 00 00 00 00
26.000000,0x100,30 01 28 00 00 00 00 00
26.000000,0x101,00 00 00 00 00 00 00 00
26.000000,0x102,00 00 00 00 00 00 00 00
26.000000,0x200,94 D7 09 00 00 00 00 00
26.020000,0x100,30 01 28 00 00 00 00 00
26.020000,0x101,00 00 00 00 00 00 00 00
26.020000,0x102,00 00 00 00 00 00 00 00
26.020000,0x200,93 D8 09 00 00 00 00 00
26.040000,0x100,30 01 28 00 00 00 00 00
26.040000,0x101,00 00 00 00 00 00 00 00
26.040000,0x102,00 00 00 00 00 00 00 00
26.040000,0x200,93 DA 09 00 00 00 00 00
26.060000,0x100,31 01 28 00 00 00 00 00
26.060000,0x101,00 00 00 00 00 00 00 00
26.060000,0x102,00 00 00 00 00 00 00 00
26.060000,0x200,93 DB 09 00 00 00 00 00
26.080000,0x100,31 01 28 00 00 00 00 00
26.080000,0x101,00 00 00 00 00 00 00 00
26.080000,0x102,00 00 00 00 00 00 00 00
26.080000,0x200,93 DC 09 00 00 00 00 00
26.100000,0x100,31 01 28 00 00 00 00 00
26.100000,0x101,00 00 00 00 00 00 00 00
26.100000,0x102,00 00 00 00 00 00 00 00
26.100000,0x200,93 DD 09 00 00 00 00 00
26.120000,0x100,31 01 28 00 00 00 00 00
26.120000,0x101,00 00 00 00 00 00 00 00
26.120000,0x102,00 00 00 00 00 00 00 00
26.120000,0x200,93 DE 09 00 00 00 00 00
26.140000,0x100,31 01 28 00 00 00 00 00
26.140000,0x101,00 00 00 00 00 00 00 00
26.140000,0x102,00 00 00 00 00 00 00 00
26.140000,0x200,93 DF 09 00 00 00 00 00
26.160000,0x100,32 01 28 00 00 00 00 00
26.160000,0x101,00 00 00 00 00 00 00 00
26.160000,0x102,00 00 00 00 00 00 00 00
26.160000,0x200,93 E0 09 00 00 00 00 00
26.180000,0x100,32 01 28 00 00 00 00 00
26.180000,0x101,00 00 00 00 00 00 00 00
26.180000,0x102,00 00 00 00 00 00 00 00
26.180000,0x200,93 E2 09 00 00 00 00 00
26.200000,0x100,32 01 28 00 00 00 00 00
26.200000,0x101,00 00 00 00 00 00 00 00
26.200000,0x102,00 00 00 00 00 00 00 00
26.200000,0x200,93 E3 09 00 00 00 00 00
26.220000,0x100,32 01 28 00 00 00 00 00
26.220000,0x101,00 00 00 00 00 00 00 00
26.220000,0x102,00 00 00 00 00 00 00 00
26.220000,0x200,93 E4 09 00 00 00 00 00
26.240000,0x100,33 01 28 00 00 00 00 00
26.240000,0x101,00 00 00 00 00 00 00 00
26.240000,0x102,00 00 00 00 00 00 00 00
26.240000,0x200,92 E5 09 00 00 00 00 00
26.260000,0x100,33 01 28 00 00 00 00 00
26.260000,0x101,00 00 00 00 00 00 00 00
26.260000,0x102,00 00 00 00 00 00 00 00
26.260000,0x200,92 E6 09 00 00 00 00 00
26.280000,0x100,33 01 28 00 00 00 00 00
26.280000,0x101,00 00 00 00 00 00 00 00
26.280000,0x102,00 00 00 00 00 00 00 00
26.280000,0x200,92 E7 09 00 00 00 00 00
26.300000,0x100,33 01 28 00 00 00 00 00
26.300000,0x101,00 00 00 00 00 00 00 00
26.300000,0x102,00 00 00 00 00 00 00 00
26.300000,0x200,92 E9 09 00 00 00 00 00
26.320000,0x100,34 01 28 00 00 00 00 00
26.320000,0x101,00 00 00 00 00 00 00 00
26.320000,0x102,00 00 00 00 00 00 00 00
26.320000,0x200,92 EA 09 00 00 00 00 00
26.340000,0x100,34 01 28 00 00 00 00 00
26.340000,0x101,00 00 00 00 00 00 00 00
26.340000,0x102,00 00 00 00 00 00 00 00
26.340000,0x200,92 EB 09 00 00 00 00 00
26.360000,0x100,34 01 28 00 00 00 00 00
26.360000,0x101,00 00 00 00 00 00 00 00
26.360000,0x102,00 00 00 00 00 00 00 00
26.360000,0x200,92 EC 09 00 00 00 00 00
26.380000,0x100,34 01 28 00 00 00 00 00
26.380000,0x101,00 00 00 00 00 00 00 00
26.380000,0x102,00 00 00 00 00 00 00 00
26.380000,0x200,92 ED 09 00 00 00 00 00
26.400000,0x100,34 01 28 00 00 00 00 00
26.400000,0x101,00 00 00 00 00 00 00 00
26.400000,0x102,00 00 00 00 00 00 00 00
26.400000,0x200,92 EE 09 00 00 00 00 00
26.420000,0x100,35 01 28 00 00 00 00 00
26.420000,0x101,00 00 00 00 00 00 00 00
26.420000,0x102,00 00 00 00 00 00 00 00
26.420000,0x200,92 EF 09 00 00 00 00 00
26.440000,0x100,35 01 28 00 00 00 00 00
26.440000,0x101,00 00 00 00 00 00 00 00
26.440000,0x102,00 00 00 00 00 00 00 00
26.440000,0x200,92 F1 09 00 00 00 00 00
26.460000,0x100,35 01 28 00 00 00 00 00
26.460000,0x101,00 00 00 00 00 00 00 00
26.460000,0x102,00 00 00 00 00 00 00 00
26.460000,0x200,91 F2 09 00 00 00 00 00
26.480000,0x100,35 01 28 00 00 00 00 00
26.480000,0x101,00 00 00 00 00 00 00 00
26.480000,0x102,00 00 00 00 00 00 00 00
26.480000,0x200,91 F3 09 00 00 00 00 00
26.500000,0x100,36 01 28 00 00 00 00 00
26.500000,0x101,00 00 00 00 00 00 00 00
26.500000,0x102,00 00 00 00 00 00 00 00
26.500000,0x200,91 F4 09 00 00 00 00 00
26.520000,0x100,36 01 28 00 00 00 00 00
26.520000,0x101,00 00 00 00 00 00 00 00
26.520000,0x102,00 00 00 00 00 00 00 00
26.520000,0x200,91 F5 09 00 00 00 00 00
26.540000,0x100,36 01 28 00 00 00 00 00
26.540000,0x101,00 00 00 00 00 00 00 00
26.540000,0x102,00 00 00 00 00 00 00 00
26.540000,0x200,91 F6 09 00 00 00 00 00
26.560000,0x100,36 01 28 00 00 00 00 00
26.560000,0x101,00 00 00 00 00 00 00 00
26.560000,0x102,00 00 00 00 00 00 00 00
26.560000,0x200,91 F8 09 00 00 00 00 00
26.580000,0x100,37 01 28 00 00 00 00 00
26.580000,0x101,00 00 00 00 00 00 00 00
26.580000,0x102,00 00 00 00 00 00 00 00
26.580000,0x200,91 F9 09 00 00 00 00 00
26.600000,0x100,37 01 28 00 00 00 00 00
26.600000,0x101,00 00 00 00 00 00 00 00
26.600000,0x102,00 00 00 00 00 00 00 00
26.600000,0x200,91 FA 09 00 00 00 00 00
26.620000,0x100,37 01 28 00 00 00 00 00
26.620000,0x101,00 00 00 00 00 00 00 00
26.620000,0x102,00 00 00 00 00 00 00 00
26.620000,0x200,91 FB 09 00 00 00 00 00
26.640000,0x100,37 01 28 00 00 00 00 00
26.640000,0x101,00 00 00 00 00 00 00 00
26.640000,0x102,00 00 00 00 00 00 00 00
26.640000,0x200,91 FC 09 00 00 00 00 00
26.660000,0x100,37 01 28 00 00 00 00 00
26.660000,0x101,00 00 00 00 00 00 00 00
26.660000,0x102,00 00 00 00 00 00 00 00
26.660000,0x200,91 FD 09 00 00 00 00 00
26.680000,0x100,38 01 28 00 00 00 00 00
26.680000,0x101,00 00 00 00 00 00 00 00
26.680000,0x102,00 00 00 00 00 00 00 00
26.680000,0x200,91 FE 09 00 00 00 00 00
26.700000,0x100,38 01 28 00 00 00 00 00
26.700000,0x101,00 00 00 00 00 00 00 00
26.700000,0x102,00 00 00 00 00 00 00 00
26.700000,0x200,90 00 0A 00 00 00 00 00
26.720000,0x100,38 01 28 00 00 00 00 00
26.720000,0x101,00 00 00 00 00 00 00 00
26.720000,0x102,00 00 00 00 00 00 00 00
26.720000,0x200,90 01 0A 00 00 00 00 00
26.740000,0x100,38 01 28 00 00 00 00 00
26.740000,0x101,00 00 00 00 00 00 00 00
26.740000,0x102,00 00 00 00 00 00 00 00
26.740000,0x200,90 02 0A 00 00 00 00 00
26.760000,0x100,39 01 28 00 00 00 00 00
26.760000,0x101,00 00 00 00 00 00 00 00
26.760000,0x102,00 00 00 00 00 00 00 00
26.760000,0x200,90 03 0A 00 00 00 00 00
26.780000,0x100,39 01 28 00 00 00 00 00
26.780000,0x101,00 00 00 00 00 00 00 00
26.780000,0x102,00 00 00 00 00 00 00 00
26.780000,0x200,90 04 0A 00 00 00 00 00
26.800000,0x100,39 01 28 00 00 00 00 00
26.800000,0x101,00 00 00 00 00 00 00 00
26.800000,0x102,00 00 00 00 00 00 00 00
26.800000,0x200,90 05 0A 00 00 00 00 00
26.820000,0x100,39 01 28 00 00 00 00 00
26.820000,0x101,00 00 00 00 00 00 00 00
26.820000,0x102,00 00 00 00 00 00 00 00
26.820000,0x200,90 07 0A 00 00 00 00 00
26.840000,0x100,3A 01 28 00 00 00 00 00
26.840000,0x101,00 00 00 00 00 00 00 00
26.840000,0x102,00 00 00 00 00 00 00 00
26.840000,0x200,90 08 0A 00 00 00 00 00
26.860000,0x100,3A 01 28 00 00 00 00 00
26.860000,0x101,00 00 00 00 00 00 00 00
26.860000,0x102,00 00 00 00 00 00 00 00
26.860000,0x200,90 09 0A 00 00 00 00 00
26.880000,0x100,3A 01 28 00 00 00 00 00
26.880000,0x101,00 00 00 00 00 00 00 00
26.880000,0x102,00 00 00 00 00 00 00 00
26.880000,0x200,90 0A 0A 00 00 00 00 00
26.900000,0x100,3A 01 28 00 00 00 00 00
26.900000,0x101,00 00 00 00 00 00 00 00
26.900000,0x102,00 00 00 00 00 00 00 00
26.900000,0x200,90 0B 0A 00 00 00 00 00
26.920000,0x100,3A 01 28 00 00 00 00 00
26.920000,0x101,00 00 00 00 00 00 00 00
26.920000,0x102,00 00 00 00 00 00 00 00
26.920000,0x200,8F 0C 0A 00 00 00 00 00
26.940000,0x100,3B 01 28 00 00 00 00 00
26.940000,0x101,00 00 00 00 00 00 00 00
26.940000,0x102,00 00 00 00 00 00 00 00
26.940000,0x200,8F 0D 0A 00 00 00 00 00
26.960000,0x100,3B 01 28 00 00 00 00 00
26.960000,0x101,00 00 00 00 00 00 00 00
26.960000,0x102,00 00 00 00 00 00 00 00
26.960000,0x200,8F 0F 0A 00 00 00 00 00
26.980000,0x100,3B 01 28 00 00 00 00 00
26.980000,0x101,00 00 00 00 00 00 00 00
26.980000,0x102,00 00 00 00 00 00 00 00
26.980000,0x200,8F 10 0A 00 00 00 00 00
27.000000,0x100,3B 01 28 00 00 00 00 00
27.000000,0x101,00 00 00 00 00 00 00 00
27.000000,0x102,00 00 00 00 00 00 00 00
27.000000,0x200,8F 11 0A 00 00 00 00 00
27.020000,0x100,3C 01 28 00 00 00 00 00
27.020000,0x101,00 00 00 00 00 00 00 00
27.020000,0x102,00 00 00 00 00 00 00 00
27.020000,0x200,8F 12 0A 00 00 00 00 00
27.040000,0x100,3C 01 28 00 00 00 00 00
27.040000,0x101,00 00 00 00 00 00 00 00
27.040000,0x102,00 00 00 00 00 00 00 00
27.040000,0x200,8F 13 0A 00 00 00 00 00
27.060000,0x100,3C 01 28 00 00 00 00 00
27.060000,0x101,00 00 00 00 00 00 00 00
27.060000,0x102,00 00 00 00 00 00 00 00
27.060000,0x200,8F 14 0A 00 00 00 00 00
27.080000,0x100,3C 01 28 00 00 00 00 00
27.080000,0x101,00 00 00 00 00 00 00 00
27.080000,0x102,00 00 00 00 00 00 00 00
27.080000,0x200,8F 16 0A 00 00 00 00 00
27.100000,0x100,3D 01 28 00 00 00 00 00
27.100000,0x101,00 00 00 00 00 00 00 00
27.100000,0x102,00 00 00 00 00 00 00 00
27.100000,0x200,8F 17 0A 00 00 00 00 00
27.120000,0x100,3D 01 28 00 00 00 00 00
27.120000,0x101,00 00 00 00 00 00 00 00
27.120000,0x102,00 00 00 00 00 00 00 00
27.120000,0x200,8F 18 0A 00 00 00 00 00
27.140000,0x100,3D 01 28 00 00 00 00 00
27.140000,0x101,00 00 00 00 00 00 00 00
27.140000,0x102,00 00 00 00 00 00 00 00
27.140000,0x200,8F 19 0A 00 00 00 00 00
27.160000,0x100,3D 01 28 00 00 00 00 00
27.160000,0x101,00 00 00 00 00 00 00 00
27.160000,0x102,00 00 00 00 00 00 00 00
27.160000,0x200,8E 1A 0A 00 00 00 00 00
27.180000,0x100,3D 01 28 00 00 00 00 00
27.180000,0x101,00 00 00 00 00 00 00 00
27.180000,0x102,00 00 00 00 00 00 00 00
27.180000,0x200,8E 1B 0A 00 00 00 00 00
27.200000,0x100,3E 01 28 00 00 00 00 00
27.200000,0x101,00 00 00 00 00 00 00 00
27.200000,0x102,00 00 00 00 00 00 00 00
27.200000,0x200,8E 1C 0A 00 00 00 00 00
27.220000,0x100,3E 01 28 00 00 00 00 00
27.220000,0x101,00 00 00 00 00 00 00 00
27.220000,0x102,00 00 00 00 00 00 00 00
27.220000,0x200,8E 1E 0A 00 00 00 00 00
27.240000,0x100,3E 01 28 00 00 00 00 00
27.240000,0x101,00 00 00 00 00 00 00 00
27.240000,0x102,00 00 00 00 00 00 00 00
27.240000,0x200,8E 1F 0A 00 00 00 00 00
27.260000,0x100,3E 01 28 00 00 00 00 00
27.260000,0x101,00 00 00 00 00 00 00 00
27.260000,0x102,00 00 00 00 00 00 00 00
27.260000,0x200,8E 20 0A 00 00 00 00 00
27.280000,0x100,3F 01 28 00 00 00 00 00
27.280000,0x101,00 00 00 00 00 00 00 00
27.280000,0x102,00 00 00 00 00 00 00 00
27.280000,0x200,8E 21 0A 00 00 00 00 00
27.300000,0x100,3F 01 28 00 00 00 00 00
27.300000,0x101,00 00 00 00 00 00 00 00
27.300000,0x102,00 00 00 00 00 00 00 00
27.300000,0x200,8E 22 0A 00 00 00 00 00
27.320000,0x100,3F 01 28 00 00 00 00 00
27.320000,0x101,00 00 00 00 00 00 00 00
27.320000,0x102,00 00 00 00 00 00 00 00
27.320000,0x200,8E 23 0A 00 00 00 00 00
27.340000,0x100,3F 01 28 00 00 00 00 00
27.340000,0x101,00 00 00 00 00 00 00 00
27.340000,0x102,00 00 00 00 00 00 00 00
27.340000,0x200,8E 25 0A 00 00 00 00 00
27.360000,0x100,40 01 28 00 00 00 00 00
27.360000,0x101,00 00 00 00 00 00 00 00
27.360000,0x102,00 00 00 00 00 00 00 00
27.360000,0x200,8E 26 0A 00 00 00 00 00
27.380000,0x100,40 01 28 00 00 00 00 00
27.380000,0x101,00 00 00 00 00 00 00 00
27.380000,0x102,00 00 00 00 00 00 00 00
27.380000,0x200,8D 27 0A 00 00 00 00 00
27.400000,0x100,40 01 28 00 00 00 00 00
27.400000,0x101,00 00 00 00 00 00 00 00
27.400000,0x102,00 00 00 00 00 00 00 00
27.400000,0x200,8D 28 0A 00 00 00 00 00
27.420000,0x100,40 01 28 00 00 00 00 00
27.420000,0x101,00 00 00 00 00 00 00 00
27.420000,0x102,00 00 00 00 00 00 00 00
27.420000,0x200,8D 29 0A 00 00 00 00 00
27.440000,0x100,40 01 28 00 00 00 00 00
27.440000,0x101,00 00 00 00 00 00 00 00
27.440000,0x102,00 00 00 00 00 00 00 00
27.440000,0x200,8D 2A 0A 00 00 00 00 00
27.460000,0x100,41 01 28 00 00 00 00 00
27.460000,0x101,00 00 00 00 00 00 00 00
27.460000,0x102,00 00 00 00 00 00 00 00
27.460000,0x200,8D 2B 0A 00 00 00 00 00
27.480000,0x100,41 01 28 00 00 00 00 00
27.480000,0x101,00 00 00 00 00 00 00 00
27.480000,0x102,00 00 00 00 00 00 00 00
27.480000,0x200,8D 2D 0A 00 00 00 00 00
27.500000,0x100,41 01 28 00 00 00 00 00
27.500000,0x101,00 00 00 00 00 00 00 00
27.500000,0x102,00 00 00 00 00 00 00 00
27.500000,0x200,8D 2E 0A 00 00 00 00 00
27.520000,0x100,41 01 28 00 00 00 00 00
27.520000,0x101,00 00 00 00 00 00 00 00
27.520000,0x102,00 00 00 00 00 00 00 00
27.520000,0x200,8D 2F 0A 00 00 00 00 00
27.540000,0x100,42 01 28 00 00 00 00 00
27.540000,0x101,00 00 00 00 00 00 00 00
27.540000,0x102,00 00 00 00 00 00 00 00
27.540000,0x200,8D 30 0A 00 00 00 00 00
27.560000,0x100,42 01 28 00 00 00 00 00
27.560000,0x101,00 00 00 00 00 00 00 00
27.560000,0x102,00 00 00 00 00 00 00 00
27.560000,0x200,8D 31 0A 00 00 00 00 00
27.580000,0x100,42 01 28 00 00 00 00 00
27.580000,0x101,00 00 00 00 00 00 00 00
27.580000,0x102,00 00 00 00 00 00 00 00
27.580000,0x200,8D 32 0A 00 00 00 00 00
27.600000,0x100,42 01 28 00 00 00 00 00
27.600000,0x101,00 00 00 00 00 00 00 00
27.600000,0x102,00 00 00 00 00 00 00 00
27.600000,0x200,8C 34 0A 00 00 00 00 00
27.620000,0x100,43 01 28 00 00 00 00 00
27.620000,0x101,00 00 00 00 00 00 00 00
27.620000,0x102,00 00 00 00 00 00 00 00
27.620000,0x200,8C 35 0A 00 00 00 00 00
27.640000,0x100,43 01 28 00 00 00 00 00
27.640000,0x101,00 00 00 00 00 00 00 00
27.640000,0x102,00 00 00 00 00 00 00 00
27.640000,0x200,8C 36 0A 00 00 00 00 00
27.660000,0x100,43 01 28 00 00 00 00 00
27.660000,0x101,00 00 00 00 00 00 00 00
27.660000,0x102,00 00 00 00 00 00 00 00
27.660000,0x200,8C 37 0A 00 00 00 00 00
27.680000,0x100,43 01 28 00 00 00 00 00
27.680000,0x101,00 00 00 00 00 00 00 00
27.680000,0x102,00 00 00 00 00 00 00 00
27.680000,0x200,8C 38 0A 00 00 00 00 00
27.700000,0x100,43 01 28 00 00 00 00 00
27.700000,0x101,00 00 00 00 00 00 00 00
27.700000,0x102,00 00 00 00 00 00 00 00
27.700000,0x200,8C 39 0A 00 00 00 00 00
27.720000,0x100,44 01 28 00 00 00 00 00
27.720000,0x101,00 00 00 00 00 00 00 00
27.720000,0x102,00 00 00 00 00 00 00 00
27.720000,0x200,8C 3A 0A 00 00 00 00 00
27.740000,0x100,44 01 28 00 00 00 00 00
27.740000,0x101,00 00 00 00 00 00 00 00
27.740000,0x102,00 00 00 00 00 00 00 00
27.740000,0x200,8C 3C 0A 00 00 00 00 00
27.760000,0x100,44 01 28 00 00 00 00 00
27.760000,0x101,00 00 00 00 00 00 00 00
27.760000,0x102,00 00 00 00 00 00 00 00
27.760000,0x200,8C 3D 0A 00 00 00 00 00
27.780000,0x100,44 01 28 00 00 00 00 00
27.780000,0x101,00 00 00 00 00 00 00 00
27.780000,0x102,00 00 00 00 00 00 00 00
27.780000,0x200,8C 3E 0A 00 00 00 00 00
27.800000,0x100,45 01 28 00 00 00 00 00
27.800000,0x101,00 00 00 00 00 00 00 00
27.800000,0x102,00 00 00 00 00 00 00 00
27.800000,0x200,8C 3F 0A 00 00 00 00 00
27.820000,0x100,45 01 28 00 00 00 00 00
27.820000,0x101,00 00 00 00 00 00 00 00
27.820000,0x102,00 00 00 00 00 00 00 00
27.820000,0x200,8C 40 0A 00 00 00 00 00
27.840000,0x100,45 01 28 00 00 00 00 00
27.840000,0x101,00 00 00 00 00 00 00 00
27.840000,0x102,00 00 00 00 00 00 00 00
27.840000,0x200,8B 41 0A 00 00 00 00 00
27.860000,0x100,45 01 28 00 00 00 00 00
27.860000,0x101,00 00 00 00 00 00 00 00
27.860000,0x102,00 00 00 00 00 00 00 00
27.860000,0x200,8B 43 0A 00 00 00 00 00
27.880000,0x100,46 01 28 00 00 00 00 00
27.880000,0x101,00 00 00 00 00 00 00 00
27.880000,0x102,00 00 00 00 00 00 00 00
27.880000,0x200,8B 44 0A 00 00 00 00 00
27.900000,0x100,46 01 28 00 00 00 00 00
27.900000,0x101,00 00 00 00 00 00 00 00
27.900000,0x102,00 00 00 00 00 00 00 00
27.900000,0x200,8B 45 0A 00 00 00 00 00
27.920000,0x100,46 01 28 00 00 00 00 00
27.920000,0x101,00 00 00 00 00 00 00 00
27.920000,0x102,00 00 00 00 00 00 00 00
27.920000,0x200,8B 46 0A 00 00 00 00 00
27.940000,0x100,46 01 28 00 00 00 00 00
27.940000,0x101,00 00 00 00 00 00 00 00
27.940000,0x102,00 00 00 00 00 00 00 00
27.940000,0x200,8B 47 0A 00 00 00 00 00
27.960000,0x100,46 01 28 00 00 00 00 00
27.960000,0x101,00 00 00 00 00 00 00 00
27.960000,0x102,00 00 00 00 00 00 00 00
27.960000,0x200,8B 48 0A 00 00 00 00 00
27.980000,0x100,47 01 28 00 00 00 00 00
27.980000,0x101,00 00 00 00 00 00 00 00
27.980000,0x102,00 00 00 00 00 00 00 00
27.980000,0x200,8B 49 0A 00 00 00 00 00
28.000000,0x100,47 01 28 00 00 00 00 00
28.000000,0x101,00 00 00 00 00 00 00 00
28.000000,0x102,00 00 00 00 00 00 00 00
28.000000,0x200,8B 4B 0A 00 00 00 00 00
28.020000,0x100,47 01 28 00 00 00 00 00
28.020000,0x101,00 00 00 00 00 00 00 00
28.020000,0x102,00 00 00 00 00 00 00 00
28.020000,0x200,8B 4C 0A 00 00 00 00 00
28.040000,0x100,47 01 28 00 00 00 00 00
28.040000,0x101,00 00 00 00 00 00 00 00
28.040000,0x102,00 00 00 00 00 00 00 00
28.040000,0x200,8B 4D 0A 00 00 00 00 00
28.060000,0x100,48 01 28 00 00 00 00 00
28.060000,0x101,00 00 00 00 00 00 00 00
28.060000,0x102,00 00 00 00 00 00 00 00
28.060000,0x200,8A 4E 0A 00 00 00 00 00
28.080000,0x100,48 01 28 00 00 00 00 00
28.080000,0x101,00 00 00 00 00 00 00 00
28.080000,0x102,00 00 00 00 00 00 00 00
28.080000,0x200,8A 4F 0A 00 00 00 00 00
28.100000,0x100,48 01 28 00 00 00 00 00
28.100000,0x101,00 00 00 00 00 00 00 00
28.100000,0x102,00 00 00 00 00 00 00 00
28.100000,0x200,8A 50 0A 00 00 00 00 00
28.120000,0x100,48 01 28 00 00 00 00 00
28.120000,0x101,00 00 00 00 00 00 00 00
28.120000,0x102,00 00 00 00 00 00 00 00
28.120000,0x200,8A 52 0A 00 00 00 00 00
28.140000,0x100,49 01 28 00 00 00 00 00
28.140000,0x101,00 00 00 00 00 00 00 00
28.140000,0x102,00 00 00 00 00 00 00 00
28.140000,0x200,8A 53 0A 00 00 00 00 00
28.160000,0x100,49 01 28 00 00 00 00 00
28.160000,0x101,00 00 00 00 00 00 00 00
28.160000,0x102,00 00 00 00 00 00 00 00
28.160000,0x200,8A 54 0A 00 00 00 00 00
28.180000,0x100,49 01 28 00 00 00 00 00
28.180000,0x101,00 00 00 00 00 00 00 00
28.180000,0x102,00 00 00 00 00 00 00 00
28.180000,0x200,8A 55 0A 00 00 00 00 00
28.200000,0x100,49 01 28 00 00 00 00 00
28.200000,0x101,00 00 00 00 00 00 00 00
28.200000,0x102,00 00 00 00 00 00 00 00
28.200000,0x200,8A 56 0A 00 00 00 00 00
28.220000,0x100,49 01 28 00 00 00 00 00
28.220000,0x101,00 00 00 00 00 00 00 00
28.220000,0x102,00 00 00 00 00 00 00 00
28.220000,0x200,8A 57 0A 00 00 00 00 00
28.240000,0x100,4A 01 28 00 00 00 00 00
28.240000,0x101,00 00 00 00 00 00 00 00
28.240000,0x102,00 00 00 00 00 00 00 00
28.240000,0x200,8A 58 0A 00 00 00 00 00
28.260000,0x100,4A 01 28 00 00 00 00 00
28.260000,0x101,00 00 00 00 00 00 00 00
28.260000,0x102,00 00 00 00 00 00 00 00
28.260000,0x200,8A 5A 0A 00 00 00 00 00
28.280000,0x100,4A 01 28 00 00 00 00 00
28.280000,0x101,00 00 00 00 00 00 00 00
28.280000,0x102,00 00 00 00 00 00 00 00
28.280000,0x200,8A 5B 0A 00 00 00 00 00
28.300000,0x100,4A 01 28 00 00 00 00 00
28.300000,0x101,00 00 00 00 00 00 00 00
28.300000,0x102,00 00 00 00 00 00 00 00
28.300000,0x200,89 5C 0A 00 00 00 00 00
28.320000,0x100,4B 01 28 00 00 00 00 00
28.320000,0x101,00 00 00 00 00 00 00 00
28.320000,0x102,00 00 00 00 00 00 00 00
28.320000,0x200,89 5D 0A 00 00 00 00 00
28.340000,0x100,4B 01 28 00 00 00 00 00
28.340000,0x101,00 00 00 00 00 00 00 00
28.340000,0x102,00 00 00 00 00 00 00 00
28.340000,0x200,89 5E 0A 00 00 00 00 00
28.360000,0x100,4B 01 28 00 00 00 00 00
28.360000,0x101,00 00 00 00 00 00 00 00
28.360000,0x102,00 00 00 00 00 00 00 00
28.360000,0x200,89 5F 0A 00 00 00 00 00
28.380000,0x100,4B 01 28 00 00 00 00 00
28.380000,0x101,00 00 00 00 00 00 00 00
28.380000,0x102,00 00 00 00 00 00 00 00
28.380000,0x200,89 61 0A 00 00 00 00 00
28.400000,0x100,4C 01 28 00 00 00 00 00
28.400000,0x101,00 00 00 00 00 00 00 00
28.400000,0x102,00 00 00 00 00 00 00 00
28.400000,0x200,89 62 0A 00 00 00 00 00
28.420000,0x100,4C 01 28 00 00 00 00 00
28.420000,0x101,00 00 00 00 00 00 00 00
28.420000,0x102,00 00 00 00 00 00 00 00
28.420000,0x200,89 63 0A 00 00 00 00 00
28.440000,0x100,4C 01 28 00 00 00 00 00
28.440000,0x101,00 00 00 00 00 00 00 00
28.440000,0x102,00 00 00 00 00 00 00 00
28.440000,0x200,89 64 0A 00 00 00 00 00
28.460000,0x100,4C 01 28 00 00 00 00 00
28.460000,0x101,00 00 00 00 00 00 00 00
28.460000,0x102,00 00 00 00 00 00 00 00
28.460000,0x200,89 65 0A 00 00 00 00 00
28.480000,0x100,4C 01 28 00 00 00 00 00
28.480000,0x101,00 00 00 00 00 00 00 00
28.480000,0x102,00 00 00 00 00 00 00 00
28.480000,0x200,89 66 0A 00 00 00 00 00
28.500000,0x100,4D 01 28 00 00 00 00 00
28.500000,0x101,00 00 00 00 00 00 00 00
28.500000,0x102,00 00 00 00 00 00 00 00
28.500000,0x200,89 67 0A 00 00 00 00 00
28.520000,0x100,4D 01 28 00 00 00 00 00
28.520000,0x101,00 00 00 00 00 00 00 00
28.520000,0x102,00 00 00 00 00 00 00 00
28.520000,0x200,88 69 0A 00 00 00 00 00
28.540000,0x100,4D 01 28 00 00 00 00 00
28.540000,0x101,00 00 00 00 00 00 00 00
28.540000,0x102,00 00 00 00 00 00 00 00
28.540000,0x200,88 6A 0A 00 00 00 00 00
28.560000,0x100,4D 01 28 00 00 00 00 00
28.560000,0x101,00 00 00 00 00 00 00 00
28.560000,0x102,00 00 00 00 00 00 00 00
28.560000,0x200,88 6B 0A 00 00 00 00 00
28.580000,0x100,4E 01 28 00 00 00 00 00
28.580000,0x101,00 00 00 00 00 00 00 00
28.580000,0x102,00 00 00 00 00 00 00 00
28.580000,0x200,88 6C 0A 00 00 00 00 00
28.600000,0x100,4E 01 28 00 00 00 00 00
28.600000,0x101,00 00 00 00 00 00 00 00
28.600000,0x102,00 00 00 00 00 00 00 00
28.600000,0x200,88 6D 0A 00 00 00 00 00
28.620000,0x100,4E 01 28 00 00 00 00 00
28.620000,0x101,00 00 00 00 00 00 00 00
28.620000,0x102,00 00 00 00 00 00 00 00
28.620000,0x200,88 6E 0A 00 00 00 00 00
28.640000,0x100,4E 01 28 00 00 00 00 00
28.640000,0x101,00 00 00 00 00 00 00 00
28.640000,0x102,00 00 00 00 00 00 00 00
28.640000,0x200,88 70 0A 00 00 00 00 00
28.660000,0x100,4F 01 28 00 00 00 00 00
28.660000,0x101,00 00 00 00 00 00 00 00
28.660000,0x102,00 00 00 00 00 00 00 00
28.660000,0x200,88 71 0A 00 00 00 00 00
28.680000,0x100,4F 01 28 00 00 00 00 00
28.680000,0x101,00 00 00 00 00 00 00 00
28.680000,0x102,00 00 00 00 00 00 00 00
28.680000,0x200,88 72 0A 00 00 00 00 00
28.700000,0x100,4F 01 28 00 00 00 00 00
28.700000,0x101,00 00 00 00 00 00 00 00
28.700000,0x102,00 00 00 00 00 00 00 00
28.700000,0x200,88 73 0A 00 00 00 00 00
28.720000,0x100,4F 01 28 00 00 00 00 00
28.720000,0x101,00 00 00 00 00 00 00 00
28.720000,0x102,00 00 00 00 00 00 00 00
28.720000,0x200,88 74 0A 00 00 00 00 00
28.740000,0x100,4F 01 28 00 00 00 00 00
28.740000,0x101,00 00 00 00 00 00 00 00
28.740000,0x102,00 00 00 00 00 00 00 00
28.740000,0x200,88 75 0A 00 00 00 00 00
28.760000,0x100,50 01 28 00 00 00 00 00
28.760000,0x101,00 00 00 00 00 00 00 00
28.760000,0x102,00 00 00 00 00 00 00 00
28.760000,0x200,87 76 0A 00 00 00 00 00
28.780000,0x100,50 01 28 00 00 00 00 00
28.780000,0x101,00 00 00 00 00 00 00 00
28.780000,0x102,00 00 00 00 00 00 00 00
28.780000,0x200,87 78 0A 00 00 00 00 00
28.800000,0x100,50 01 28 00 00 00 00 00
28.800000,0x101,00 00 00 00 00 00 00 00
28.800000,0x102,00 00 00 00 00 00 00 00
28.800000,0x200,87 79 0A 00 00 00 00 00
28.820000,0x100,50 01 28 00 00 00 00 00
28.820000,0x101,00 00 00 00 00 00 00 00
28.820000,0x102,00 00 00 00 00 00 00 00
28.820000,0x200,87 7A 0A 00 00 00 00 00
28.840000,0x100,51 01 28 00 00 00 00 00
28.840000,0x101,00 00 00 00 00 00 00 00
28.840000,0x102,00 00 00 00 00 00 00 00
28.840000,0x200,87 7B 0A 00 00 00 00 00
28.860000,0x100,51 01 28 00 00 00 00 00
28.860000,0x101,00 00 00 00 00 00 00 00
28.860000,0x102,00 00 00 00 00 00 00 00
28.860000,0x200,87 7C 0A 00 00 00 00 00
28.880000,0x100,51 01 28 00 00 00 00 00
28.880000,0x101,00 00 00 00 00 00 00 00
28.880000,0x102,00 00 00 00 00 00 00 00
28.880000,0x200,87 7D 0A 00 00 00 00 00
28.900000,0x100,51 01 28 00 00 00 00 00
28.900000,0x101,00 00 00 00 00 00 00 00
28.900000,0x102,00 00 00 00 00 00 00 00
28.900000,0x200,87 7F 0A 00 00 00 00 00
28.920000,0x100,52 01 28 00 00 00 00 00
28.920000,0x101,00 00 00 00 00 00 00 00
28.920000,0x102,00 00 00 00 00 00 00 00
28.920000,0x200,87 80 0A 00 00 00 00 00
28.940000,0x100,52 01 28 00 00 00 00 00
28.940000,0x101,00 00 00 00 00 00 00 00
28.940000,0x102,00 00 00 00 00 00 00 00
28.940000,0x200,87 81 0A 00 00 00 00 00
28.960000,0x100,52 01 28 00 00 00 00 00
28.960000,0x101,00 00 00 00 00 00 00 00
28.960000,0x102,00 00 00 00 00 00 00 00
28.960000,0x200,87 82 0A 00 00 00 00 00
28.980000,0x100,52 01 28 00 00 00 00 00
28.980000,0x101,00 00 00 00 00 00 00 00
28.980000,0x102,00 00 00 00 00 00 00 00
28.980000,0x200,86 83 0A 00 00 00 00 00
29.000000,0x100,52 01 28 00 00 00 00 00
29.000000,0x101,00 00 00 00 00 00 00 00
29.000000,0x102,00 00 00 00 00 00 00 00
29.000000,0x200,86 84 0A 00 00 00 00 00
29.020000,0x100,53 01 28 00 00 00 00 00
29.020000,0x101,00 00 00 00 00 00 00 00
29.020000,0x102,00 00 00 00 00 00 00 00
29.020000,0x200,86 85 0A 00 00 00 00 00
29.040000,0x100,53 01 28 00 00 00 00 00
29.040000,0x101,00 00 00 00 00 00 00 00
29.040000,0x102,00 00 00 00 00 00 00 00
29.040000,0x200,86 87 0A 00 00 00 00 00
29.060000,0x100,53 01 28 00 00 00 00 00
29.060000,0x101,00 00 00 00 00 00 00 00
29.060000,0x102,00 00 00 00 00 00 00 00
29.060000,0x200,86 88 0A 00 00 00 00 00
29.080000,0x100,53 01 28 00 00 00 00 00
29.080000,0x101,00 00 00 00 00 00 00 00
29.080000,0x102,00 00 00 00 00 00 00 00
29.080000,0x200,86 89 0A 00 00 00 00 00
29.100000,0x100,54 01 28 00 00 00 00 00
29.100000,0x101,00 00 00 00 00 00 00 00
29.100000,0x102,00 00 00 00 00 00 00 00
29.100000,0x200,86 8A 0A 00 00 00 00 00
29.120000,0x100,54 01 28 00 00 00 00 00
29.120000,0x101,00 00 00 00 00 00 00 00
29.120000,0x102,00 00 00 00 00 00 00 00
29.120000,0x200,86 8B 0A 00 00 00 00 00
29.140000,0x100,54 01 28 00 00 00 00 00
29.140000,0x101,00 00 00 00 00 00 00 00
29.140000,0x102,00 00 00 00 00 00 00 00
29.140000,0x200,86 8C 0A 00 00 00 00 00
29.160000,0x100,54 01 28 00 00 00 00 00
29.160000,0x101,00 00 00 00 00 00 00 00
29.160000,0x102,00 00 00 00 00 00 00 00
29.160000,0x200,86 8E 0A 00 00 00 00 00
29.180000,0x100,55 01 28 00 00 00 00 00
29.180000,0x101,00 00 00 00 00 00 00 00
29.180000,0x102,00 00 00 00 00 00 00 00
29.180000,0x200,86 8F 0A 00 00 00 00 00
29.200000,0x100,55 01 28 00 00 00 00 00
29.200000,0x101,00 00 00 00 00 00 00 00
29.200000,0x102,00 00 00 00 00 00 00 00
29.200000,0x200,86 90 0A 00 00 00 00 00
29.220000,0x100,55 01 28 00 00 00 00 00
29.220000,0x101,00 00 00 00 00 00 00 00
29.220000,0x102,00 00 00 00 00 00 00 00
29.220000,0x200,85 91 0A 00 00 00 00 00
29.240000,0x100,55 01 28 00 00 00 00 00
29.240000,0x101,00 00 00 00 00 00 00 00
29.240000,0x102,00 00 00 00 00 00 00 00
29.240000,0x200,85 92 0A 00 00 00 00 00
29.260000,0x100,55 01 28 00 00 00 00 00
29.260000,0x101,00 00 00 00 00 00 00 00
29.260000,0x102,00 00 00 00 00 00 00 00
29.260000,0x200,85 93 0A 00 00 00 00 00
29.280000,0x100,56 01 28 00 00 00 00 00
29.280000,0x101,00 00 00 00 00 00 00 00
29.280000,0x102,00 00 00 00 00 00 00 00
29.280000,0x200,85 94 0A 00 00 00 00 00
29.300000,0x100,56 01 28 00 00 00 00 00
29.300000,0x101,00 00 00 00 00 00 00 00
29.300000,0x102,00 00 00 00 00 00 00 00
29.300000,0x200,85 96 0A 00 00 00 00 00
29.320000,0x100,56 01 28 00 00 00 00 00
29.320000,0x101,00 00 00 00 00 00 00 00
29.320000,0x102,00 00 00 00 00 00 00 00
29.320000,0x200,85 97 0A 00 00 00 00 00
29.340000,0x100,56 01 28 00 00 00 00 00
29.340000,0x101,00 00 00 00 00 00 00 00
29.340000,0x102,00 00 00 00 00 00 00 00
29.340000,0x200,85 98 0A 00 00 00 00 00
29.360000,0x100,57 01 28 00 00 00 00 00
29.360000,0x101,00 00 00 00 00 00 00 00
29.360000,0x102,00 00 00 00 00 00 00 00
29.360000,0x200,85 99 0A 00 00 00 00 00
29.380000,0x100,57 01 28 00 00 00 00 00
29.380000,0x101,00 00 00 00 00 00 00 00
29.380000,0x102,00 00 00 00 00 00 00 00
29.380000,0x200,85 9A 0A 00 00 00 00 00
29.400000,0x100,57 01 28 00 00 00 00 00
29.400000,0x101,00 00 00 00 00 00 00 00
29.400000,0x102,00 00 00 00 00 00 00 00
29.400000,0x200,85 9B 0A 00 00 00 00 00
29.420000,0x100,57 01 28 00 00 00 00 00
29.420000,0x101,00 00 00 00 00 00 00 00
29.420000,0x102,00 00 00 00 00 00 00 00
29.420000,0x200,85 9D 0A 00 00 00 00 00
29.440000,0x100,58 01 28 00 00 00 00 00
29.440000,0x101,00 00 00 00 00 00 00 00
29.440000,0x102,00 00 00 00 00 00 00 00
29.440000,0x200,84 9E 0A 00 00 00 00 00
29.460000,0x100,58 01 28 00 00 00 00 00
29.460000,0x101,00 00 00 00 00 00 00 00
29.460000,0x102,00 00 00 00 00 00 00 00
29.460000,0x200,84 9F 0A 00 00 00 00 00
29.480000,0x100,58 01 28 00 00 00 00 00
29.480000,0x101,00 00 00 00 00 00 00 00
29.480000,0x102,00 00 00 00 00 00 00 00
29.480000,0x200,84 A0 0A 00 00 00 00 00
29.500000,0x100,58 01 28 00 00 00 00 00
29.500000,0x101,00 00 00 00 00 00 00 00
29.500000,0x102,00 00 00 00 00 00 00 00
29.500000,0x200,84 A1 0A 00 00 00 00 00
29.520000,0x100,58 01 28 00 00 00 00 00
29.520000,0x101,00 00 00 00 00 00 00 00
29.520000,0x102,00 00 00 00 00 00 00 00
29.520000,0x200,84 A2 0A 00 00 00 00 00
29.540000,0x100,59 01 28 00 00 00 00 00
29.540000,0x101,00 00 00 00 00 00 00 00
29.540000,0x102,00 00 00 00 00 00 00 00
29.540000,0x200,84 A3 0A 00 00 00 00 00
29.560000,0x100,59 01 28 00 00 00 00 00
29.560000,0x101,00 00 00 00 00 00 00 00
29.560000,0x102,00 00 00 00 00 00 00 00
29.560000,0x200,84 A5 0A 00 00 00 00 00
29.580000,0x100,59 01 28 00 00 00 00 00
29.580000,0x101,00 00 00 00 00 00 00 00
29.580000,0x102,00 00 00 00 00 00 00 00
29.580000,0x200,84 A6 0A 00 00 00 00 00
29.600000,0x100,59 01 28 00 00 00 00 00
29.600000,0x101,00 00 00 00 00 00 00 00
29.600000,0x102,00 00 00 00 00 00 00 00
29.600000,0x200,84 A7 0A 00 00 00 00 00
29.620000,0x100,5A 01 28 00 00 00 00 00
29.620000,0x101,00 00 00 00 00 00 00 00
29.620000,0x102,00 00 00 00 00 00 00 00
29.620000,0x200,84 A8 0A 00 00 00 00 00
29.640000,0x100,5A 01 28 00 00 00 00 00
29.640000,0x101,00 00 00 00 00 00 00 00
29.640000,0x102,00 00 00 00 00 00 00 00
29.640000,0x200,84 A9 0A 00 00 00 00 00
29.660000,0x100,5A 01 28 00 00 00 00 00
29.660000,0x101,00 00 00 00 00 00 00 00
29.660000,0x102,00 00 00 00 00 00 00 00
29.660000,0x200,83 AA 0A 00 00 00 00 00
29.680000,0x100,5A 01 28 00 00 00 00 00
29.680000,0x101,00 00 00 00 00 00 00 00
29.680000,0x102,00 00 00 00 00 00 00 00
29.680000,0x200,83 AC 0A 00 00 00 00 00
29.700000,0x100,5B 01 28 00 00 00 00 00
29.700000,0x101,00 00 00 00 00 00 00 00
29.700000,0x102,00 00 00 00 00 00 00 00
29.700000,0x200,83 AD 0A 00 00 00 00 00
29.720000,0x100,5B 01 28 00 00 00 00 00
29.720000,0x101,00 00 00 00 00 00 00 00
29.720000,0x102,00 00 00 00 00 00 00 00
29.720000,0x200,83 AE 0A 00 00 00 00 00
29.740000,0x100,5B 01 28 00 00 00 00 00
29.740000,0x101,00 00 00 00 00 00 00 00
29.740000,0x102,00 00 00 00 00 00 00 00
29.740000,0x200,83 AF 0A 00 00 00 00 00
29.760000,0x100,5B 01 28 00 00 00 00 00
29.760000,0x101,00 00 00 00 00 00 00 00
29.760000,0x102,00 00 00 00 00 00 00 00
29.760000,0x200,83 B0 0A 00 00 00 00 00
29.780000,0x100,5B 01 28 00 00 00 00 00
29.780000,0x101,00 00 00 00 00 00 00 00
29.780000,0x102,00 00 00 00 00 00 00 00
29.780000,0x200,83 B1 0A 00 00 00 00 00
29.800000,0x100,5C 01 28 00 00 00 00 00
29.800000,0x101,00 00 00 00 00 00 00 00
29.800000,0x102,00 00 00 00 00 00 00 00
29.800000,0x200,83 B2 0A 00 00 00 00 00
29.820000,0x100,5C 01 28 00 00 00 00 00
29.820000,0x101,00 00 00 00 00 00 00 00
29.820000,0x102,00 00 00 00 00 00 00 00
29.820000,0x200,83 B4 0A 00 00 00 00 00
29.840000,0x100,5C 01 28 00 00 00 00 00
29.840000,0x101,00 00 00 00 00 00 00 00
29.840000,0x102,00 00 00 00 00 00 00 00
29.840000,0x200,83 B5 0A 00 00 00 00 00
29.860000,0x100,5C 01 28 00 00 00 00 00
29.860000,0x101,00 00 00 00 00 00 00 00
29.860000,0x102,00 00 00 00 00 00 00 00
29.860000,0x200,83 B6 0A 00 00 00 00 00
29.880000,0x100,5D 01 28 00 00 00 00 00
29.880000,0x101,00 00 00 00 00 00 00 00
29.880000,0x102,00 00 00 00 00 00 00 00
29.880000,0x200,83 B7 0A 00 00 00 00 00
29.900000,0x100,5D 01 28 00 00 00 00 00
29.900000,0x101,00 00 00 00 00 00 00 00
29.900000,0x102,00 00 00 00 00 00 00 00
29.900000,0x200,82 B8 0A 00 00 00 00 00
29.920000,0x100,5D 01 28 00 00 00 00 00
29.920000,0x101,00 00 00 00 00 00 00 00
29.920000,0x102,00 00 00 00 00 00 00 00
29.920000,0x200,82 B9 0A 00 00 00 00 00
29.940000,0x100,5D 01 28 00 00 00 00 00
29.940000,0x101,00 00 00 00 00 00 00 00
29.940000,0x102,00 00 00 00 00 00 00 00
29.940000,0x200,82 BB 0A 00 00 00 00 00
29.960000,0x100,5E 01 28 00 00 00 00 00
29.960000,0x101,00 00 00 00 00 00 00 00
29.960000,0x102,00 00 00 00 00 00 00 00
29.960000,0x200,82 BC 0A 00 00 00 00 00
29.980000,0x100,5E 01 28 00 00 00 00 00
29.980000,0x101,00 00 00 00 00 00 00 00
29.980000,0x102,00 00 00 00 00 00 00 00
29.980000,0x200,82 BD 0A 00 00 00 00 00
30.000000,0x100,5E 01 28 00 00 00 00 00
30.000000,0x101,00 00 00 00 00 00 00 00
30.000000,0x102,00 00 00 00 00 00 00 00
30.000000,0x200,82 BE 0A 00 00 00 00 00
